created,domain,id,num_comments,question_id,quiz_id,score,subreddit,title,url,image_pair_id,quiz_cluster
1460596672.0,imgur.com,4eos81,12,0,7196cc92-0de5-48f9-86c2-d713311b3435,164,OldSchoolCool,"My mom and her two friends. Waterville, Maine 1985. The car's name was Mavis the Maverick.",http://i.imgur.com/susXU69.jpg,0,5c2b8e2f-ca2f-4994-8985-739b453197cd
1460600280.0,imgur.com,4ep1r0,95,0,7196cc92-0de5-48f9-86c2-d713311b3435,1180,OldSchoolCool,Tanya Roberts in The Beastmaster (1982),http://i.imgur.com/Nn1XHh5.jpg,1,5c2b8e2f-ca2f-4994-8985-739b453197cd
1460366657.0,i.imgur.com,4e9ziw,46,1,7196cc92-0de5-48f9-86c2-d713311b3435,719,OldSchoolCool,"Hunter S. Thompson, Mexico in 1974",http://i.imgur.com/Oxryb0C.jpg,0,5c2b8e2f-ca2f-4994-8985-739b453197cd
1460367096.0,i.imgur.com,4ea05z,9,1,7196cc92-0de5-48f9-86c2-d713311b3435,102,OldSchoolCool,Ann Margrt in the 1966,http://i.imgur.com/uYx53Tw.jpg,1,5c2b8e2f-ca2f-4994-8985-739b453197cd
1459968930.0,i.imgur.com,4dn78c,1,2,7196cc92-0de5-48f9-86c2-d713311b3435,3,OldSchoolCool,"My grandfather on his farm, some time between 1984-1989",http://i.imgur.com/MPSkGRj.jpg,0,5c2b8e2f-ca2f-4994-8985-739b453197cd
1459970043.0,i.imgur.com,4dnabw,9,2,7196cc92-0de5-48f9-86c2-d713311b3435,45,OldSchoolCool,"My dad on a day off, 1987.",http://i.imgur.com/Y8zi0WH.jpg,1,5c2b8e2f-ca2f-4994-8985-739b453197cd
1459613562.0,i.imgur.com,4d23bc,12,3,7196cc92-0de5-48f9-86c2-d713311b3435,58,OldSchoolCool,My dad in the 70's listening to some records.,http://i.imgur.com/AR8klvs.jpg,0,5c2b8e2f-ca2f-4994-8985-739b453197cd
1459611386.0,i.imgur.com,4d1y0j,12,3,7196cc92-0de5-48f9-86c2-d713311b3435,106,OldSchoolCool,"Adam Sandler in High School, early 80's",http://i.imgur.com/prOTK7e.jpg,1,5c2b8e2f-ca2f-4994-8985-739b453197cd
1460073142.0,imgur.com,4dtvlp,3,4,7196cc92-0de5-48f9-86c2-d713311b3435,141,OldSchoolCool,"Tony Hawk skitching with Evel Knievel, 1990's",http://i.imgur.com/mmzDeSX.jpg,0,5c2b8e2f-ca2f-4994-8985-739b453197cd
1460072820.0,i.imgur.com,4dtuti,0,4,7196cc92-0de5-48f9-86c2-d713311b3435,19,OldSchoolCool,"Rembrandt (Marcelino Sánchez) on the set of ""The Warriors,"" 1979",http://i.imgur.com/tzDja9f.jpg,1,5c2b8e2f-ca2f-4994-8985-739b453197cd
1460637323.0,i.imgur.com,4eqwyj,13,5,7196cc92-0de5-48f9-86c2-d713311b3435,90,OldSchoolCool,"Elvis Presley and Diane Goodin on their way to the Nassau Coliseum (July, 1975).",http://i.imgur.com/DNhq5uL.jpg,0,5c2b8e2f-ca2f-4994-8985-739b453197cd
1460638061.0,m.imgur.com,4eqyii,527,5,7196cc92-0de5-48f9-86c2-d713311b3435,3424,OldSchoolCool,My mother as a playboy bunny cocktail waitress in the 80's,http://i.imgur.com/1v3RGmc.jpg,1,5c2b8e2f-ca2f-4994-8985-739b453197cd
1459262681.0,imgur.com,4cfq2q,19,6,7196cc92-0de5-48f9-86c2-d713311b3435,534,OldSchoolCool,My Grandpa was a Golden Gloves Champion in the 1930's,http://i.imgur.com/ELVYCOV.jpg,0,5c2b8e2f-ca2f-4994-8985-739b453197cd
1459262503.0,i.imgur.com,4cfpm0,11,6,7196cc92-0de5-48f9-86c2-d713311b3435,53,OldSchoolCool,"In the 1920's, the ideal female body became the more androgynous form of the flapper girl and women bound their breasts and cut their hair into boyish bobs .",http://i.imgur.com/RFK96Bd.jpg,1,5c2b8e2f-ca2f-4994-8985-739b453197cd
1460540917.0,i.imgur.com,4ekupk,5,7,7196cc92-0de5-48f9-86c2-d713311b3435,10,OldSchoolCool,"A windy day in Philadelphia, 1947",http://i.imgur.com/SJagiiE.jpg,0,5c2b8e2f-ca2f-4994-8985-739b453197cd
1460540478.0,i.imgur.com,4eku2n,4,7,7196cc92-0de5-48f9-86c2-d713311b3435,10,OldSchoolCool,EnVogue 1988 and 26 years later,http://i.imgur.com/osDDwq8.jpg,1,5c2b8e2f-ca2f-4994-8985-739b453197cd
1459872473.0,i.imgur.com,4dh3ob,2,8,7196cc92-0de5-48f9-86c2-d713311b3435,34,OldSchoolCool,"Theodore Roosevelt and John Muir on Glacier Point, Yosemite Valley, California, in 1903",http://i.imgur.com/wFpw6fc.jpg,0,5c2b8e2f-ca2f-4994-8985-739b453197cd
1459872860.0,imgur.com,4dh4uy,9,8,7196cc92-0de5-48f9-86c2-d713311b3435,50,OldSchoolCool,My mom in the 1970's on a farm in Iowa,http://i.imgur.com/Zdq3alh.jpg,1,5c2b8e2f-ca2f-4994-8985-739b453197cd
1459632733.0,imgur.com,4d3f2o,8,9,7196cc92-0de5-48f9-86c2-d713311b3435,18,OldSchoolCool,"Small town Arizona, 1976",http://i.imgur.com/NQuw2RM.jpg,0,5c2b8e2f-ca2f-4994-8985-739b453197cd
1459635205.0,imgur.com,4d3l39,17,9,7196cc92-0de5-48f9-86c2-d713311b3435,92,OldSchoolCool,Uncle Bob shredding some time in the 70's,http://i.imgur.com/9KdwJt3.jpg,1,5c2b8e2f-ca2f-4994-8985-739b453197cd
1459486624.0,imgur.com,4cu0sp,27,10,7196cc92-0de5-48f9-86c2-d713311b3435,77,OldSchoolCool,"My grandfather while in the Navy, late 40's.",http://i.imgur.com/HzevvpW.jpg,0,5c2b8e2f-ca2f-4994-8985-739b453197cd
1459485434.0,imgur.com,4ctyae,6,10,7196cc92-0de5-48f9-86c2-d713311b3435,37,OldSchoolCool,Great grandmother hanging out in the 1950's,http://i.imgur.com/HcXRL54.jpg,1,5c2b8e2f-ca2f-4994-8985-739b453197cd
1459856170.0,i.imgur.com,4dg0aw,1,11,7196cc92-0de5-48f9-86c2-d713311b3435,20,OldSchoolCool,"Catherine Bach, 1970s",http://i.imgur.com/HtufPDt.jpg,0,5c2b8e2f-ca2f-4994-8985-739b453197cd
1459856194.0,i.imgur.com,4dg0ci,17,11,7196cc92-0de5-48f9-86c2-d713311b3435,35,OldSchoolCool,"Debbie Harry on the World Trade Center observation deck, 1980s",http://i.imgur.com/3tcq5dP.jpg,1,5c2b8e2f-ca2f-4994-8985-739b453197cd
1460108061.0,i.imgur.com,4dvo80,0,12,7196cc92-0de5-48f9-86c2-d713311b3435,4,OldSchoolCool,1940's actress Gene Tierney,http://i.imgur.com/6DC98F8.jpg,0,5c2b8e2f-ca2f-4994-8985-739b453197cd
1460107716.0,i.imgur.com,4dvnqz,2,12,7196cc92-0de5-48f9-86c2-d713311b3435,2,OldSchoolCool,fashion of 1970,http://i.imgur.com/ohxlpok.jpg,1,5c2b8e2f-ca2f-4994-8985-739b453197cd
1459971010.0,imgur.com,4dnd19,5,13,7196cc92-0de5-48f9-86c2-d713311b3435,21,OldSchoolCool,"Enjoy Coke, Rio de Janeiro, Late 1970s",http://i.imgur.com/ur6PH2J.jpg,0,5c2b8e2f-ca2f-4994-8985-739b453197cd
1459970799.0,imgur.com,4dncg5,3,13,7196cc92-0de5-48f9-86c2-d713311b3435,20,OldSchoolCool,"Ann Thomas, Tina Turner, and a lucky fan backstage in 1965",http://i.imgur.com/AqR6Ssv.jpg,1,5c2b8e2f-ca2f-4994-8985-739b453197cd
1460640577.0,i.imgur.com,4er4dm,1,14,7196cc92-0de5-48f9-86c2-d713311b3435,9,OldSchoolCool,Johnny Depp 1982,http://i.imgur.com/2NFokc8.jpg,0,5c2b8e2f-ca2f-4994-8985-739b453197cd
1460640010.0,i.imgur.com,4er30r,6,14,7196cc92-0de5-48f9-86c2-d713311b3435,16,OldSchoolCool,"Barack Obama at Occidental College, L.A. (1980)",http://i.imgur.com/roXp4m7.jpg,1,5c2b8e2f-ca2f-4994-8985-739b453197cd
1459204623.0,i.imgur.com,4cckv6,31,15,7196cc92-0de5-48f9-86c2-d713311b3435,494,OldSchoolCool,"Members of the French Resistance, 1945",http://i.imgur.com/zHUSWz1.jpg,0,5c2b8e2f-ca2f-4994-8985-739b453197cd
1459206139.0,imgur.com,4ccov0,12,15,7196cc92-0de5-48f9-86c2-d713311b3435,40,OldSchoolCool,"I liked that first photo strip, and wanted to share my own. Here are my parents in 1986!",http://i.imgur.com/PLxNRlT.png,1,5c2b8e2f-ca2f-4994-8985-739b453197cd
1459781717.0,m.imgur.com,4dbel9,17,16,7196cc92-0de5-48f9-86c2-d713311b3435,152,OldSchoolCool,"Alcohol being poured out on the streets Prohibition Detroit, 1929",http://i.imgur.com/1PRnFZB.jpg,0,5c2b8e2f-ca2f-4994-8985-739b453197cd
1459782130.0,i.imgur.com,4dbfnf,705,16,7196cc92-0de5-48f9-86c2-d713311b3435,5143,OldSchoolCool,Obligatory pre-prom photo in the living room (1961),http://i.imgur.com/20P6D6q.jpg,1,5c2b8e2f-ca2f-4994-8985-739b453197cd
1460181824.0,imgur.com,4e096o,26,17,7196cc92-0de5-48f9-86c2-d713311b3435,13,OldSchoolCool,My Indonesian mom and her sister in 1991. My mom is 11 and my aunt is 17. (Mom is the younger one),http://i.imgur.com/Jo38LTa.jpg,0,5c2b8e2f-ca2f-4994-8985-739b453197cd
1460180961.0,i.imgur.com,4e07wy,630,17,7196cc92-0de5-48f9-86c2-d713311b3435,4621,OldSchoolCool,"My mother in 1987, China",http://i.imgur.com/tA4IPV3.jpg,1,5c2b8e2f-ca2f-4994-8985-739b453197cd
1459347658.0,i.imgur.com,4ckyg0,11,18,7196cc92-0de5-48f9-86c2-d713311b3435,38,OldSchoolCool,The coolest nerds around - Rush - Circa 1977,http://i.imgur.com/ca9bYZ4.jpg,0,5c2b8e2f-ca2f-4994-8985-739b453197cd
1459346495.0,i.imgur.com,4ckvmh,0,18,7196cc92-0de5-48f9-86c2-d713311b3435,7,OldSchoolCool,"Marines at Sniper School in Quantico, Virginia, circa 1967",http://i.imgur.com/M74JKR2.jpg,1,5c2b8e2f-ca2f-4994-8985-739b453197cd
1459618932.0,imgur.com,4d2gn2,2,19,7196cc92-0de5-48f9-86c2-d713311b3435,1,OldSchoolCool,Early 80s: Me rocking the shades.,http://i.imgur.com/9UMRCpG.jpg,0,5c2b8e2f-ca2f-4994-8985-739b453197cd
1459616523.0,imgur.com,4d2alu,0,19,7196cc92-0de5-48f9-86c2-d713311b3435,13,OldSchoolCool,My grandmother getting ready for Carnival in Cuba at about 18 years old.,http://i.imgur.com/6qtbqX0.jpg,1,5c2b8e2f-ca2f-4994-8985-739b453197cd
1460555744.0,imgur.com,4elnwl,10,20,7196cc92-0de5-48f9-86c2-d713311b3435,75,OldSchoolCool,My wife's stepfather: The original hipster (1970's),http://i.imgur.com/rrqL23L.jpg,0,5c2b8e2f-ca2f-4994-8985-739b453197cd
1460554358.0,imgur.com,4elkfx,5,20,7196cc92-0de5-48f9-86c2-d713311b3435,18,OldSchoolCool,"My Grandma and Grandpa on their Wedding Day, 1958",http://i.imgur.com/smUKH8W.jpg,1,5c2b8e2f-ca2f-4994-8985-739b453197cd
1460424220.0,i.imgur.com,4edvdb,2,21,7196cc92-0de5-48f9-86c2-d713311b3435,56,OldSchoolCool,"Astrid Kirchherr and Stuart Sutcliffe, 1961",http://i.imgur.com/bz7H826.jpg,0,5c2b8e2f-ca2f-4994-8985-739b453197cd
1460426064.0,imgur.com,4edzqa,6,21,7196cc92-0de5-48f9-86c2-d713311b3435,279,OldSchoolCool,My grandfather making Christmas cookies - 1960,http://i.imgur.com/C9qlhPE.jpg,1,5c2b8e2f-ca2f-4994-8985-739b453197cd
1460052253.0,i.imgur.com,4dsapb,262,22,7196cc92-0de5-48f9-86c2-d713311b3435,2552,OldSchoolCool,1976 vs 2015,http://i.imgur.com/PyxgRmS.jpg,0,5c2b8e2f-ca2f-4994-8985-739b453197cd
1460051930.0,i.imgur.com,4ds9p4,895,22,7196cc92-0de5-48f9-86c2-d713311b3435,5828,OldSchoolCool,My Friend With The Power Glove - Ca. 1989.,http://i.imgur.com/pcq1IAz.jpg,1,5c2b8e2f-ca2f-4994-8985-739b453197cd
1460080238.0,imgur.com,4duc1p,6,23,7196cc92-0de5-48f9-86c2-d713311b3435,27,OldSchoolCool,My Dad (top middle) in Japan with friends from Judo class - Early 1950's,http://i.imgur.com/KkXjtC6.jpg,0,5c2b8e2f-ca2f-4994-8985-739b453197cd
1460080698.0,imgur.com,4dud2s,1,23,7196cc92-0de5-48f9-86c2-d713311b3435,69,OldSchoolCool,Marilyn Monroe brushing her hair 1953,http://i.imgur.com/czFaAAb.jpg,1,5c2b8e2f-ca2f-4994-8985-739b453197cd
1459619442.0,i.imgur.com,4d2hy7,3,24,7196cc92-0de5-48f9-86c2-d713311b3435,37,OldSchoolCool,At the Phone in Old Japan (1920),http://i.imgur.com/WmmRIxI.jpg,0,5c2b8e2f-ca2f-4994-8985-739b453197cd
1459619214.0,i.imgur.com,4d2he2,6,24,7196cc92-0de5-48f9-86c2-d713311b3435,18,OldSchoolCool,"Hanging out with GG Allin, 1989",http://i.imgur.com/9tl2UhF.jpg,1,5c2b8e2f-ca2f-4994-8985-739b453197cd
1460010209.0,imgur.com,4dpv25,2,25,7196cc92-0de5-48f9-86c2-d713311b3435,19,OldSchoolCool,"My Grandpa (Standup bass) and his band ""The Country Lads"" providing the sound track for a late 50's party. The old man is currently in the hospital fighting heart issues, but I wish I had the chance to buy him a drink after their set. Here's to you Gido. get well soon.",http://i.imgur.com/T6l8VL1.jpg,0,5c2b8e2f-ca2f-4994-8985-739b453197cd
1460011636.0,imgur.com,4dpxbf,424,25,7196cc92-0de5-48f9-86c2-d713311b3435,4030,OldSchoolCool,"Keanu Reeves, 1990s",http://i.imgur.com/DNY9XOo.jpg,1,5c2b8e2f-ca2f-4994-8985-739b453197cd
1460377086.0,i.imgur.com,4eag0o,4,26,7196cc92-0de5-48f9-86c2-d713311b3435,64,OldSchoolCool,Gorgeous Chorus Girls on the set of Becky c.1927,http://i.imgur.com/BV7R48X.jpg,0,5c2b8e2f-ca2f-4994-8985-739b453197cd
1460378781.0,i.imgur.com,4eajak,0,26,7196cc92-0de5-48f9-86c2-d713311b3435,51,OldSchoolCool,"The Who, 1968.",http://i.imgur.com/DO1pVe4.jpg,1,5c2b8e2f-ca2f-4994-8985-739b453197cd
1459983140.0,i.imgur.com,4do9dy,13,27,7196cc92-0de5-48f9-86c2-d713311b3435,64,OldSchoolCool,"Neil Armstrong and David Scott at the end of the Gemini 8 mission, 1966 [4536 x 4536]",http://i.imgur.com/XI4dN6O.jpg,0,5c2b8e2f-ca2f-4994-8985-739b453197cd
1459982049.0,imgur.com,4do6o2,19,27,7196cc92-0de5-48f9-86c2-d713311b3435,19,OldSchoolCool,"Jeffrey Dahmer at the beach, 1980's.",http://i.imgur.com/NwytBzN.png,1,5c2b8e2f-ca2f-4994-8985-739b453197cd
1459425435.0,i.imgur.com,4cponj,1,28,7196cc92-0de5-48f9-86c2-d713311b3435,15,OldSchoolCool,"Jean-Michel Basquiat and Madonna, 1980's",http://i.imgur.com/FEymZpp.jpg,0,5c2b8e2f-ca2f-4994-8985-739b453197cd
1459423545.0,i.imgur.com,4cpld2,2,28,7196cc92-0de5-48f9-86c2-d713311b3435,24,OldSchoolCool,"Rene Russo in Star Wars hairdo, 1980",http://i.imgur.com/qsooiDn.jpg,1,5c2b8e2f-ca2f-4994-8985-739b453197cd
1459785642.0,imgur.com,4dbpfa,18,29,7196cc92-0de5-48f9-86c2-d713311b3435,305,OldSchoolCool,My grandma in the 1970s,http://i.imgur.com/qfd6HQS.jpg,0,5c2b8e2f-ca2f-4994-8985-739b453197cd
1459784026.0,m.imgur.com,4dbkwr,6,29,7196cc92-0de5-48f9-86c2-d713311b3435,42,OldSchoolCool,My grandfather as a navy sailor in 1950's Soviet Ukraine.,http://i.imgur.com/FfgUdBl.jpg,1,5c2b8e2f-ca2f-4994-8985-739b453197cd
1459792992.0,i.imgur.com,4dc9wa,12,30,7196cc92-0de5-48f9-86c2-d713311b3435,27,OldSchoolCool,A Gibson Girl in her corset in the early 1900s,http://i.imgur.com/x78b8JC.jpg,0,5c2b8e2f-ca2f-4994-8985-739b453197cd
1459792135.0,i.imgur.com,4dc7gk,10,30,7196cc92-0de5-48f9-86c2-d713311b3435,36,OldSchoolCool,A man being a man in the 60's.,http://i.imgur.com/B89g7fN.jpg,1,5c2b8e2f-ca2f-4994-8985-739b453197cd
1460578552.0,imgur.com,4engns,10,31,7196cc92-0de5-48f9-86c2-d713311b3435,168,OldSchoolCool,Grandpa Jim in his baby walker; 1941,http://i.imgur.com/VvjTGN7.jpg,0,5c2b8e2f-ca2f-4994-8985-739b453197cd
1460576713.0,imgur.com,4enb55,6,31,7196cc92-0de5-48f9-86c2-d713311b3435,11,OldSchoolCool,"My badass Grandpa shooting a pistol, 1970.",http://i.imgur.com/fZ20kgd.jpg,1,5c2b8e2f-ca2f-4994-8985-739b453197cd
1459953236.0,i.imgur.com,4dlzl0,31,32,7196cc92-0de5-48f9-86c2-d713311b3435,134,OldSchoolCool,"Debbie and Iggy, 1975",http://i.imgur.com/4VNFNev.png,0,5c2b8e2f-ca2f-4994-8985-739b453197cd
1459954512.0,imgur.com,4dm2wy,0,32,7196cc92-0de5-48f9-86c2-d713311b3435,11,OldSchoolCool,Marilyn Monroe eating at a restaurant 1948,http://i.imgur.com/YhMR11D.jpg,1,5c2b8e2f-ca2f-4994-8985-739b453197cd
1460340156.0,i.imgur.com,4e8qph,11,33,7196cc92-0de5-48f9-86c2-d713311b3435,86,OldSchoolCool,"21-year-old Pamela Anderson, Vancouver, BC, 1989",http://i.imgur.com/6VJXSPb.jpg,0,5c2b8e2f-ca2f-4994-8985-739b453197cd
1460341959.0,i.imgur.com,4e8uid,28,33,7196cc92-0de5-48f9-86c2-d713311b3435,743,OldSchoolCool,Molly Ringwald (Before Pretty In Pink movie). 1985.,http://i.imgur.com/fzFm8n9.jpg,1,5c2b8e2f-ca2f-4994-8985-739b453197cd
1460394837.0,imgur.com,4ebodk,9,34,7196cc92-0de5-48f9-86c2-d713311b3435,40,OldSchoolCool,"A girl and her horse diving into a pool, Coney Island, 1920's.",http://i.imgur.com/RZuGm1t.jpg,0,5c2b8e2f-ca2f-4994-8985-739b453197cd
1460393994.0,i.imgur.com,4eblwc,2,34,7196cc92-0de5-48f9-86c2-d713311b3435,28,OldSchoolCool,"Tower Records - Tacoma, Washington, 1978 [x-post from /r/TheWayWeWere]",http://i.imgur.com/2SE5wCm.jpg,1,5c2b8e2f-ca2f-4994-8985-739b453197cd
1460120703.0,i.imgur.com,4dwa9g,0,35,7196cc92-0de5-48f9-86c2-d713311b3435,20,OldSchoolCool,"Dan Aykroyd, John Belushi, and John Lee Hooker on the set of 'The Blues Brothers' (1979)",http://i.imgur.com/w1LREf8.jpg,0,5c2b8e2f-ca2f-4994-8985-739b453197cd
1460123379.0,i.imgur.com,4dwgir,0,35,7196cc92-0de5-48f9-86c2-d713311b3435,9,OldSchoolCool,"Popular Hindi Movie Actress Tanuja, 1960-70's",http://i.imgur.com/Ns13yBn.jpg,1,5c2b8e2f-ca2f-4994-8985-739b453197cd
1460647768.0,i.imgur.com,4ernzf,5,36,7196cc92-0de5-48f9-86c2-d713311b3435,48,OldSchoolCool,Woman from the early 1850s,http://i.imgur.com/FYodjK3.jpg,0,5c2b8e2f-ca2f-4994-8985-739b453197cd
1460647730.0,i.imgur.com,4ernvj,8,36,7196cc92-0de5-48f9-86c2-d713311b3435,13,OldSchoolCool,"German couple, ca. 1933",http://i.imgur.com/rcd1UOv.jpg,1,5c2b8e2f-ca2f-4994-8985-739b453197cd
1460024749.0,imgur.com,4dqg1l,5,37,7196cc92-0de5-48f9-86c2-d713311b3435,117,OldSchoolCool,"Brigitte Bardot, 1952",http://i.imgur.com/vbEeVcz.jpg,0,5c2b8e2f-ca2f-4994-8985-739b453197cd
1460023263.0,imgur.com,4dqdtc,2,37,7196cc92-0de5-48f9-86c2-d713311b3435,1,OldSchoolCool,Britt Ekland in the original Wicker Man 1973,http://i.imgur.com/yeFG0bE.jpg,1,5c2b8e2f-ca2f-4994-8985-739b453197cd
1459651680.0,i.imgur.com,4d4l0n,59,38,7196cc92-0de5-48f9-86c2-d713311b3435,809,OldSchoolCool,"The Solvay Conference, probably the most intelligent picture ever taken, 1927",http://i.imgur.com/ZdMjDHw.jpg,0,5c2b8e2f-ca2f-4994-8985-739b453197cd
1459652257.0,imgur.com,4d4m42,3,38,7196cc92-0de5-48f9-86c2-d713311b3435,97,OldSchoolCool,Grandpa Chuck. 1963...,http://i.imgur.com/tMEB4yq.jpg,1,5c2b8e2f-ca2f-4994-8985-739b453197cd
1460409779.0,i.imgur.com,4ecv5h,1,39,7196cc92-0de5-48f9-86c2-d713311b3435,6,OldSchoolCool,A friend's family in 1975. He os the drummer in our band.,http://i.imgur.com/ejMMyTL.jpg,0,5c2b8e2f-ca2f-4994-8985-739b453197cd
1460411558.0,imgur.com,4eczse,3,39,7196cc92-0de5-48f9-86c2-d713311b3435,66,OldSchoolCool,"DeForest Kelley, William Shatner and Leonard Nimoy pretending to shave with their phasers on the Star Trek set. 1968.",http://i.imgur.com/GuQbSfx.jpg,1,5c2b8e2f-ca2f-4994-8985-739b453197cd
1459560093.0,i.imgur.com,4czchb,0,40,7196cc92-0de5-48f9-86c2-d713311b3435,0,OldSchoolCool,"Bono, about 1985",http://i.imgur.com/Fn2OPlB.jpg,0,5c2b8e2f-ca2f-4994-8985-739b453197cd
1459561325.0,i.imgur.com,4czfjw,5,40,7196cc92-0de5-48f9-86c2-d713311b3435,14,OldSchoolCool,"Phil Ochs, 1970s",http://i.imgur.com/nK7B4Ok.jpg,1,5c2b8e2f-ca2f-4994-8985-739b453197cd
1459539169.0,i.imgur.com,4cxkxg,29,41,7196cc92-0de5-48f9-86c2-d713311b3435,178,OldSchoolCool,Lynda Carter Miss World USA (1972),http://i.imgur.com/WNZFwRx.jpg,0,5c2b8e2f-ca2f-4994-8985-739b453197cd
1459537830.0,i.imgur.com,4cxg2v,624,41,7196cc92-0de5-48f9-86c2-d713311b3435,5499,OldSchoolCool,Neil Armstrong baking a pizza in 1969,http://i.imgur.com/8HGZoqy.jpg,1,5c2b8e2f-ca2f-4994-8985-739b453197cd
1460212934.0,i.imgur.com,4e1hhp,84,42,7196cc92-0de5-48f9-86c2-d713311b3435,1314,OldSchoolCool,A picture my mother wishes I never saw. ~1978.,http://i.imgur.com/E98hS6H.jpg,0,5c2b8e2f-ca2f-4994-8985-739b453197cd
1460212425.0,i.imgur.com,4e1ghe,5,42,7196cc92-0de5-48f9-86c2-d713311b3435,53,OldSchoolCool,My father and Grandfather partied hard in the 1980s.,http://i.imgur.com/PREMcsh.jpg,1,5c2b8e2f-ca2f-4994-8985-739b453197cd
1459879875.0,i.imgur.com,4dhotj,1,43,7196cc92-0de5-48f9-86c2-d713311b3435,17,OldSchoolCool,"Gregory Peck in San Francisco, 1948",http://i.imgur.com/5nLexM3.jpg,0,5c2b8e2f-ca2f-4994-8985-739b453197cd
1459882214.0,imgur.com,4dhvgz,0,43,7196cc92-0de5-48f9-86c2-d713311b3435,19,OldSchoolCool,"Louis Armstrong, performed for celebrities, students and faculty at Brooklyn College in 1941.",http://i.imgur.com/YVhgTvI.jpg,1,5c2b8e2f-ca2f-4994-8985-739b453197cd
1460466249.0,i.imgur.com,4efzk8,8,44,7196cc92-0de5-48f9-86c2-d713311b3435,51,OldSchoolCool,"Joel McHale, Rose Bowl 1991",http://i.imgur.com/TY9E37j.jpg,0,5c2b8e2f-ca2f-4994-8985-739b453197cd
1460465802.0,i.imgur.com,4efygn,79,44,7196cc92-0de5-48f9-86c2-d713311b3435,1126,OldSchoolCool,"Frank Sinatra mugshot, 1938. Arrested for flirting in Bergen County, New Jersey aged 23",http://i.imgur.com/iNP48y3.jpg,1,5c2b8e2f-ca2f-4994-8985-739b453197cd
1459655908.0,imgur.com,4d4t35,0,45,7196cc92-0de5-48f9-86c2-d713311b3435,11,OldSchoolCool,Mama and me circa 1988,http://i.imgur.com/Lr6EcCl.jpg,0,5c2b8e2f-ca2f-4994-8985-739b453197cd
1459656917.0,imgur.com,4d4uyc,27,45,7196cc92-0de5-48f9-86c2-d713311b3435,340,OldSchoolCool,My dad and pregnant mom from 1985.,http://i.imgur.com/otxRuF9.jpg,1,5c2b8e2f-ca2f-4994-8985-739b453197cd
1459608098.0,i.imgur.com,4d1qfz,5,46,7196cc92-0de5-48f9-86c2-d713311b3435,27,OldSchoolCool,"The Ritter family: Father Tex, sons John and Tom, and mother Dorothy Fay, 1970s.",http://i.imgur.com/CyTJsKo.jpg,0,5c2b8e2f-ca2f-4994-8985-739b453197cd
1459608244.0,i.imgur.com,4d1qrq,1,46,7196cc92-0de5-48f9-86c2-d713311b3435,76,OldSchoolCool,Elvis Presley at home with his stuffed animals (1956).,http://i.imgur.com/07vihiF.jpg,1,5c2b8e2f-ca2f-4994-8985-739b453197cd
1459658834.0,i.imgur.com,4d4y8w,12,47,7196cc92-0de5-48f9-86c2-d713311b3435,78,OldSchoolCool,Amazing Photo Showing Everyday Life in France in the Early 1930s,http://i.imgur.com/VgQYji0.jpg,0,5c2b8e2f-ca2f-4994-8985-739b453197cd
1459658324.0,i.imgur.com,4d4xdi,16,47,7196cc92-0de5-48f9-86c2-d713311b3435,228,OldSchoolCool,"Oh behave! Yeah, baby, yeah! Wooooh ... some of the first crocheted bikinis my mom made in the 60s that started the trend.",http://i.imgur.com/cRBkmJx.jpg,1,5c2b8e2f-ca2f-4994-8985-739b453197cd
1459615557.0,imgur.com,4d284z,3,48,7196cc92-0de5-48f9-86c2-d713311b3435,31,OldSchoolCool,"Ann Margret and her pet tortoise, 1960s",http://i.imgur.com/idlOF8D.jpg,0,5c2b8e2f-ca2f-4994-8985-739b453197cd
1459615455.0,i.imgur.com,4d27wj,0,48,7196cc92-0de5-48f9-86c2-d713311b3435,29,OldSchoolCool,"Saigon family, 1972",http://i.imgur.com/f9CL6LT.jpg,1,5c2b8e2f-ca2f-4994-8985-739b453197cd
1459618255.0,i.imgur.com,4d2exz,17,49,7196cc92-0de5-48f9-86c2-d713311b3435,247,OldSchoolCool,That '70s Show in 1998,http://i.imgur.com/FpPg7yJ.png,0,5c2b8e2f-ca2f-4994-8985-739b453197cd
1459619971.0,i.imgur.com,4d2j99,0,49,7196cc92-0de5-48f9-86c2-d713311b3435,6,OldSchoolCool,Buster accidentally proposes to Sybil in The Scarecrow (1920),http://i.imgur.com/WzWV7mM.png,1,5c2b8e2f-ca2f-4994-8985-739b453197cd
1459884597.0,i.imgur.com,4di26i,1,50,7196cc92-0de5-48f9-86c2-d713311b3435,16,OldSchoolCool,"Marilyn Monroe photographed by Andre de Dienes, 1949",http://i.imgur.com/aqLzXLH.jpg,0,5c2b8e2f-ca2f-4994-8985-739b453197cd
1459882598.0,imgur.com,4dhwkj,0,50,7196cc92-0de5-48f9-86c2-d713311b3435,0,OldSchoolCool,Future United States President Franklin D. Roosevelt - 1884,http://i.imgur.com/LcbMpby.jpg,1,5c2b8e2f-ca2f-4994-8985-739b453197cd
1459672548.0,i.imgur.com,4d5huy,1,51,7196cc92-0de5-48f9-86c2-d713311b3435,23,OldSchoolCool,"My great-great-grandfather and a toy koala, circa 1905",http://i.imgur.com/a7QTA4H.jpg,0,5c2b8e2f-ca2f-4994-8985-739b453197cd
1459674111.0,i.imgur.com,4d5jpr,3,51,7196cc92-0de5-48f9-86c2-d713311b3435,5,OldSchoolCool,Adolf Hitler in Paris 1940,http://i.imgur.com/3ZoxtEV.jpg,1,5c2b8e2f-ca2f-4994-8985-739b453197cd
1459899732.0,i.imgur.com,4dj6o0,7,52,7196cc92-0de5-48f9-86c2-d713311b3435,13,OldSchoolCool,"Eddie Murphy and Rick James, 1986",http://i.imgur.com/pFVDOfO.jpg,0,5c2b8e2f-ca2f-4994-8985-739b453197cd
1459898749.0,imgur.com,4dj47u,62,52,7196cc92-0de5-48f9-86c2-d713311b3435,1078,OldSchoolCool,NWA in 1985,http://i.imgur.com/kK8pLqk.jpg,1,5c2b8e2f-ca2f-4994-8985-739b453197cd
1460649475.0,i.imgur.com,4erst0,8,53,7196cc92-0de5-48f9-86c2-d713311b3435,24,OldSchoolCool,Motherfuckin' Steve McQueen competing in an off-road motorcycle race - 1970,http://i.imgur.com/InA1FtK.jpg,0,5c2b8e2f-ca2f-4994-8985-739b453197cd
1460646449.0,i.imgur.com,4erk86,3,53,7196cc92-0de5-48f9-86c2-d713311b3435,9,OldSchoolCool,"When real men wore flares, 1970s",http://i.imgur.com/S4ymIQR.png,1,5c2b8e2f-ca2f-4994-8985-739b453197cd
1460644037.0,i.imgur.com,4erddr,1,54,7196cc92-0de5-48f9-86c2-d713311b3435,16,OldSchoolCool,Sammy Davis Jr. and Maria Stinger. Sammy assisted photographer Bunny Yeager in the 1955 photo shoot in Miami Beach.,http://i.imgur.com/bCNeyjF.jpg,0,5c2b8e2f-ca2f-4994-8985-739b453197cd
1460644498.0,imgur.com,4erem2,3,54,7196cc92-0de5-48f9-86c2-d713311b3435,17,OldSchoolCool,George Martin with The Beatles in the studio [1965],http://i.imgur.com/7dvtDfk.jpg,1,5c2b8e2f-ca2f-4994-8985-739b453197cd
1460405694.0,i.imgur.com,4ecjms,1,55,7196cc92-0de5-48f9-86c2-d713311b3435,9,OldSchoolCool,"Family Vacation, My Dad and I are in the middle, Caseville, MI (~1980)",http://i.imgur.com/bX1Zxkd.jpg,0,5c2b8e2f-ca2f-4994-8985-739b453197cd
1460414068.0,i.imgur.com,4ed6eo,5,55,7196cc92-0de5-48f9-86c2-d713311b3435,39,OldSchoolCool,"Joni Mitchell, David Crosby and Eric Clapton relaxing on the lawn at Cass Elliot's home in Laurel Canyon. Cass's daughter Owen is in the foreground. 1968.",http://i.imgur.com/nYI6u6E.jpg,1,5c2b8e2f-ca2f-4994-8985-739b453197cd
1460557562.0,i.imgur.com,4elspc,3,56,7196cc92-0de5-48f9-86c2-d713311b3435,11,OldSchoolCool,"Neil Hamilton in the silent film of The Great Gatsby, 1926",http://i.imgur.com/AebRyR4.jpg,0,5c2b8e2f-ca2f-4994-8985-739b453197cd
1460558394.0,imgur.com,4eluwa,10,56,7196cc92-0de5-48f9-86c2-d713311b3435,27,OldSchoolCool,Samurai OG (1907),http://i.imgur.com/mBGHvQ6.jpg,1,5c2b8e2f-ca2f-4994-8985-739b453197cd
1459795883.0,i.imgur.com,4dci23,0,57,7196cc92-0de5-48f9-86c2-d713311b3435,9,OldSchoolCool,"Manon Loty Paris Music Hall Performer, circa 1900",http://i.imgur.com/eDKAGJd.jpg,0,5c2b8e2f-ca2f-4994-8985-739b453197cd
1459795587.0,imgur.com,4dch9p,1,57,7196cc92-0de5-48f9-86c2-d713311b3435,7,OldSchoolCool,My Dad #72 Austin HS Chicago IL 1950's,http://i.imgur.com/d5DHgGq.jpg,1,5c2b8e2f-ca2f-4994-8985-739b453197cd
1459701046.0,i.imgur.com,4d6rys,0,58,7196cc92-0de5-48f9-86c2-d713311b3435,8,OldSchoolCool,My Mom's side of the Family (1969),http://i.imgur.com/qWIRhsc.jpg,0,5c2b8e2f-ca2f-4994-8985-739b453197cd
1459703618.0,imgur.com,4d6y5f,5,58,7196cc92-0de5-48f9-86c2-d713311b3435,87,OldSchoolCool,A shave by Axe - 1940,http://i.imgur.com/XBQr28K.jpg,1,5c2b8e2f-ca2f-4994-8985-739b453197cd
1459564523.0,imgur.com,4czn90,13,59,7196cc92-0de5-48f9-86c2-d713311b3435,13,OldSchoolCool,"Marilyn Monroe, 1956. Photo by Milton Greene",http://i.imgur.com/7jOYwpI.jpg,0,5c2b8e2f-ca2f-4994-8985-739b453197cd
1459565083.0,i.imgur.com,4czolb,3,59,7196cc92-0de5-48f9-86c2-d713311b3435,10,OldSchoolCool,"Hanging out with El Duce, 1992",http://i.imgur.com/Bb9nzHn.jpg,1,5c2b8e2f-ca2f-4994-8985-739b453197cd
1460356322.0,i.imgur.com,4e9kr8,0,60,7196cc92-0de5-48f9-86c2-d713311b3435,14,OldSchoolCool,My father (youngest) and his family in rural Texas. (Late 1960s),http://i.imgur.com/bsLsHFg.jpg,0,5c2b8e2f-ca2f-4994-8985-739b453197cd
1460355946.0,i.imgur.com,4e9k59,1,60,7196cc92-0de5-48f9-86c2-d713311b3435,6,OldSchoolCool,"Long Islander stocks up on Rheingold in 1958, in advance of a possible beer shortage expected after 5 major area breweries shut down in disputes with unions.",http://i.imgur.com/7XuIoHg.jpg,1,5c2b8e2f-ca2f-4994-8985-739b453197cd
1459777635.0,imgur.com,4db4nm,3,61,7196cc92-0de5-48f9-86c2-d713311b3435,10,OldSchoolCool,"The Beatles, 1965",http://i.imgur.com/vFiKkic.jpg,0,5c2b8e2f-ca2f-4994-8985-739b453197cd
1459776068.0,i.imgur.com,4db143,2,61,7196cc92-0de5-48f9-86c2-d713311b3435,28,OldSchoolCool,Moms Nursing School Graduation Picture 1970s,http://i.imgur.com/9J70Buv.jpg,1,5c2b8e2f-ca2f-4994-8985-739b453197cd
1460599067.0,imgur.com,4eoyi3,5,62,7196cc92-0de5-48f9-86c2-d713311b3435,62,OldSchoolCool,My Great Grandfather as a baby in 1890 in Oregon,http://i.imgur.com/Fv1wcxJ.jpg,0,5c2b8e2f-ca2f-4994-8985-739b453197cd
1460596672.0,imgur.com,4eos81,12,62,7196cc92-0de5-48f9-86c2-d713311b3435,165,OldSchoolCool,"My mom and her two friends. Waterville, Maine 1985. The car's name was Mavis the Maverick.",http://i.imgur.com/susXU69.jpg,1,5c2b8e2f-ca2f-4994-8985-739b453197cd
1459391701.0,imgur.com,4co4dq,0,63,7196cc92-0de5-48f9-86c2-d713311b3435,13,OldSchoolCool,"Alain Delon in Plein Soleil directed by René Clément, 1960",http://i.imgur.com/cTGL3VC.jpg,0,5c2b8e2f-ca2f-4994-8985-739b453197cd
1459391436.0,i.imgur.com,4co3rh,3,63,7196cc92-0de5-48f9-86c2-d713311b3435,1,OldSchoolCool,Lee disciplines and Heather Thomas on the set of the 1981 fall guy,http://i.imgur.com/80nxxng.jpg,1,5c2b8e2f-ca2f-4994-8985-739b453197cd
1460158471.0,imgur.com,4dz0qu,0,64,7196cc92-0de5-48f9-86c2-d713311b3435,1,OldSchoolCool,My mom and dad 1961,http://i.imgur.com/Z6qouYe.jpg,0,5c2b8e2f-ca2f-4994-8985-739b453197cd
1460157178.0,imgur.com,4dyxrl,1,64,7196cc92-0de5-48f9-86c2-d713311b3435,15,OldSchoolCool,Natalie Wood- 1950s,http://i.imgur.com/owR3St8.jpg,1,5c2b8e2f-ca2f-4994-8985-739b453197cd
1460509351.0,i.imgur.com,4ej7in,1,65,7196cc92-0de5-48f9-86c2-d713311b3435,12,OldSchoolCool,Road trip. Long Island New York (1963),http://i.imgur.com/YBx3PeE.jpg,0,5c2b8e2f-ca2f-4994-8985-739b453197cd
1460514063.0,imgur.com,4ejisp,0,65,7196cc92-0de5-48f9-86c2-d713311b3435,5,OldSchoolCool,Steve McQueen - Hollywood Hills - 1963,http://i.imgur.com/g6kJAdG.jpg,1,5c2b8e2f-ca2f-4994-8985-739b453197cd
1459197471.0,imgur.com,4cc1ko,3,66,7196cc92-0de5-48f9-86c2-d713311b3435,6,OldSchoolCool,My Great Uncle in 1942 before being deployed,http://i.imgur.com/X0p99EE.jpg,0,5c2b8e2f-ca2f-4994-8985-739b453197cd
1459197665.0,imgur.com,4cc23h,3,66,7196cc92-0de5-48f9-86c2-d713311b3435,2,OldSchoolCool,My dad (left) with his buddies on their boat in the 80s.,http://i.imgur.com/ZtZWpYg.jpg,1,5c2b8e2f-ca2f-4994-8985-739b453197cd
1459646761.0,imgur.com,4d4aqf,0,67,7196cc92-0de5-48f9-86c2-d713311b3435,1,OldSchoolCool,"The memesters of Cumberland, c.1941",http://i.imgur.com/hroHLHN.png,0,5c2b8e2f-ca2f-4994-8985-739b453197cd
1459644059.0,i.imgur.com,4d44wd,0,67,7196cc92-0de5-48f9-86c2-d713311b3435,2,OldSchoolCool,"Bryan Ferry & Sophie Ward, production still from Roxy Music video ""Avalon"", 1982",http://i.imgur.com/JuDjDWj.jpg,1,5c2b8e2f-ca2f-4994-8985-739b453197cd
1459791491.0,i.imgur.com,4dc5nq,1,68,7196cc92-0de5-48f9-86c2-d713311b3435,67,OldSchoolCool,"A woman being tattooed, early 1900s",http://i.imgur.com/Ggl8Xwg.jpg,0,5c2b8e2f-ca2f-4994-8985-739b453197cd
1459790528.0,i.imgur.com,4dc31c,2,68,7196cc92-0de5-48f9-86c2-d713311b3435,35,OldSchoolCool,1922 France women in pants,http://i.imgur.com/ykGS9VZ.jpg,1,5c2b8e2f-ca2f-4994-8985-739b453197cd
1460245738.0,imgur.com,4e3nf4,0,69,7196cc92-0de5-48f9-86c2-d713311b3435,9,OldSchoolCool,Oh look my dad in the 80's,http://i.imgur.com/60HSSXb.jpg,0,5c2b8e2f-ca2f-4994-8985-739b453197cd
1460246364.0,imgur.com,4e3ota,8,69,7196cc92-0de5-48f9-86c2-d713311b3435,17,OldSchoolCool,Pictures From Grandpa's Life - Recognize Anyone [~1955],http://i.imgur.com/gooPC.png,1,5c2b8e2f-ca2f-4994-8985-739b453197cd
1459432836.0,imgur.com,4cq4mb,0,70,7196cc92-0de5-48f9-86c2-d713311b3435,5,OldSchoolCool,"Arthur Ashe and Stan Smith, 1969",http://i.imgur.com/BGVZOiR.jpg,0,5c2b8e2f-ca2f-4994-8985-739b453197cd
1459431382.0,imgur.com,4cq1ae,1,70,7196cc92-0de5-48f9-86c2-d713311b3435,2,OldSchoolCool,It's nice to google a beauty from a bygone era and find she aged amazingly. I give you Kristine DeBell. Iconic 70s beauty.,http://i.imgur.com/v5yR4nm.jpg,1,5c2b8e2f-ca2f-4994-8985-739b453197cd
1460642477.0,i.imgur.com,4er96m,2,71,7196cc92-0de5-48f9-86c2-d713311b3435,8,OldSchoolCool,"My dad and his buddy in South Africa, 1966",http://i.imgur.com/ZU3vYPi.jpg,0,5c2b8e2f-ca2f-4994-8985-739b453197cd
1460642913.0,imgur.com,4erac3,4,71,7196cc92-0de5-48f9-86c2-d713311b3435,14,OldSchoolCool,Puddle Jumper - 1930s,http://i.imgur.com/Ef84ViU.jpg,1,5c2b8e2f-ca2f-4994-8985-739b453197cd
1459206139.0,imgur.com,4ccov0,12,72,7196cc92-0de5-48f9-86c2-d713311b3435,44,OldSchoolCool,"I liked that first photo strip, and wanted to share my own. Here are my parents in 1986!",http://i.imgur.com/PLxNRlT.png,0,5c2b8e2f-ca2f-4994-8985-739b453197cd
1459205734.0,imgur.com,4ccntz,6,72,7196cc92-0de5-48f9-86c2-d713311b3435,26,OldSchoolCool,My Grandparents on their wedding day in 1946.,http://i.imgur.com/HLQqlcC.jpg,1,5c2b8e2f-ca2f-4994-8985-739b453197cd
1459624386.0,i.imgur.com,4d2ul5,2,73,7196cc92-0de5-48f9-86c2-d713311b3435,13,OldSchoolCool,"Lyndon Johnson with long hair, August 1972",http://i.imgur.com/JxIKfdE.jpg,0,5c2b8e2f-ca2f-4994-8985-739b453197cd
1459622376.0,i.imgur.com,4d2pef,0,73,7196cc92-0de5-48f9-86c2-d713311b3435,0,OldSchoolCool,"Rod Stewart, Ian McLagan, and Ronnie Lane, 1970s",http://i.imgur.com/yj4hNiq.jpg,1,5c2b8e2f-ca2f-4994-8985-739b453197cd
1459349850.0,i.imgur.com,4cl41i,1,74,7196cc92-0de5-48f9-86c2-d713311b3435,0,OldSchoolCool,"English girl, 1968",http://i.imgur.com/YDauN.jpg,0,5c2b8e2f-ca2f-4994-8985-739b453197cd
1459348912.0,i.imgur.com,4cl1kp,3,74,7196cc92-0de5-48f9-86c2-d713311b3435,8,OldSchoolCool,Cutting down a Redwood by hand - 1920s,http://i.imgur.com/zFRcl5c.jpg,1,5c2b8e2f-ca2f-4994-8985-739b453197cd
1459976093.0,i.imgur.com,4dnqy3,1,75,7196cc92-0de5-48f9-86c2-d713311b3435,30,OldSchoolCool,Merle Haggard as cool as ever. RIP Okie from Muskogee. (1979),http://i.imgur.com/Egr0rh5.jpg,0,5c2b8e2f-ca2f-4994-8985-739b453197cd
1459975778.0,i.imgur.com,4dnq39,7,75,7196cc92-0de5-48f9-86c2-d713311b3435,89,OldSchoolCool,A negative I found at flea market of a 1940s parade down NYC's 5th Avenue. Oddly beautiful,http://i.imgur.com/K3veUFL.jpg,1,5c2b8e2f-ca2f-4994-8985-739b453197cd
1459680580.0,i.imgur.com,4d5rmq,5,76,7196cc92-0de5-48f9-86c2-d713311b3435,21,OldSchoolCool,"Dancers at the Windmill Theater in London, 1940",http://i.imgur.com/s4prIrG.jpg,0,5c2b8e2f-ca2f-4994-8985-739b453197cd
1459680198.0,i.imgur.com,4d5r5b,0,76,7196cc92-0de5-48f9-86c2-d713311b3435,1,OldSchoolCool,"Hermitage Class Primary School, around 1940",http://i.imgur.com/aMG6JA3.jpg,1,5c2b8e2f-ca2f-4994-8985-739b453197cd
1460307149.0,imgur.com,4e6ij7,3,77,7196cc92-0de5-48f9-86c2-d713311b3435,14,OldSchoolCool,"My cousins, brother and me on our grandparents' South Dakota Farm, circa 1989. My brother is giving the ice-cold stare. I'm...uh...well I was never cool I guess.",http://i.imgur.com/mXGkKyd.jpg,0,5c2b8e2f-ca2f-4994-8985-739b453197cd
1460307304.0,imgur.com,4e6iws,0,77,7196cc92-0de5-48f9-86c2-d713311b3435,7,OldSchoolCool,My father around 1942. Guess that's why I like to wear cowboy boots...,http://i.imgur.com/KsFOaqI.jpg,1,5c2b8e2f-ca2f-4994-8985-739b453197cd
1460576686.0,imgur.com,4enb27,3,78,7196cc92-0de5-48f9-86c2-d713311b3435,35,OldSchoolCool,Dad taking a selfie - 1972,http://i.imgur.com/zxsfhbb.jpg,0,5c2b8e2f-ca2f-4994-8985-739b453197cd
1460576195.0,imgur.com,4en9mt,0,78,7196cc92-0de5-48f9-86c2-d713311b3435,3,OldSchoolCool,Salvador Dali takes his anteater for a walk in Paris (1969),http://i.imgur.com/e0nwCSY.jpg,1,5c2b8e2f-ca2f-4994-8985-739b453197cd
1460258218.0,i.imgur.com,4e4d26,4,79,7196cc92-0de5-48f9-86c2-d713311b3435,10,OldSchoolCool,"New York City, 1954, crossing the street.",http://i.imgur.com/BaU1dpC.jpg,0,5c2b8e2f-ca2f-4994-8985-739b453197cd
1460254862.0,imgur.com,4e46j5,0,79,7196cc92-0de5-48f9-86c2-d713311b3435,43,OldSchoolCool,"Fawzia of Egypt, late 1930s",http://i.imgur.com/Er9w4NP.jpg,1,5c2b8e2f-ca2f-4994-8985-739b453197cd
1460238820.0,i.imgur.com,4e37rb,3,80,7196cc92-0de5-48f9-86c2-d713311b3435,8,OldSchoolCool,My grand father in the 1920s? In the then Republic of China.,http://i.imgur.com/ar3DVF1.jpg,0,5c2b8e2f-ca2f-4994-8985-739b453197cd
1460243209.0,i.imgur.com,4e3hx0,6,80,7196cc92-0de5-48f9-86c2-d713311b3435,112,OldSchoolCool,My Irish-Canadian great-grandfather and my Quebecois great-grandmother on their wedding day (1907).,http://i.imgur.com/36Zuz6y.jpg,1,5c2b8e2f-ca2f-4994-8985-739b453197cd
1460307042.0,i.imgur.com,4e6iai,2,81,7196cc92-0de5-48f9-86c2-d713311b3435,37,OldSchoolCool,My Grandpa around 1950,http://i.imgur.com/FfOgALR.jpg,0,5c2b8e2f-ca2f-4994-8985-739b453197cd
1460307960.0,i.imgur.com,4e6kl6,5,81,7196cc92-0de5-48f9-86c2-d713311b3435,30,OldSchoolCool,Perfect Timing in 1900.,http://i.imgur.com/hnGD2wU.jpg,1,5c2b8e2f-ca2f-4994-8985-739b453197cd
1459949381.0,imgur.com,4dlqem,0,82,7196cc92-0de5-48f9-86c2-d713311b3435,1,OldSchoolCool,Mobile swimming pool New York 1960,http://i.imgur.com/sQcK9uI.jpg,0,5c2b8e2f-ca2f-4994-8985-739b453197cd
1459948870.0,imgur.com,4dlp89,0,82,7196cc92-0de5-48f9-86c2-d713311b3435,6,OldSchoolCool,Never Alone is a narrative about Korea and the author and her family's experiences as missionaries during their ten year stay from 1956 to 1966.,http://i.imgur.com/ICx2bxG.jpg,1,5c2b8e2f-ca2f-4994-8985-739b453197cd
1459942711.0,i.imgur.com,4dlczh,2,83,7196cc92-0de5-48f9-86c2-d713311b3435,4,OldSchoolCool,fashion of 1970,http://i.imgur.com/klICM50.jpg,0,5c2b8e2f-ca2f-4994-8985-739b453197cd
1459942401.0,i.imgur.com,4dlchu,17,83,7196cc92-0de5-48f9-86c2-d713311b3435,977,OldSchoolCool,"Happy French girl and her cat, Roubaix, 1958",http://i.imgur.com/aJfgsrp.jpg,1,5c2b8e2f-ca2f-4994-8985-739b453197cd
1459659332.0,i.imgur.com,4d4z40,2,84,7196cc92-0de5-48f9-86c2-d713311b3435,9,OldSchoolCool,"A little girl opened the laces of her mother's slippers, 1929",http://i.imgur.com/tIXLQcX.jpg,0,5c2b8e2f-ca2f-4994-8985-739b453197cd
1459656725.0,imgur.com,4d4umc,1,84,7196cc92-0de5-48f9-86c2-d713311b3435,2,OldSchoolCool,Italian footballer Gianni Riviera holding his Ballon d'Or in 1969,http://i.imgur.com/LuVz4Jy.jpg,1,5c2b8e2f-ca2f-4994-8985-739b453197cd
1460217012.0,imgur.com,4e1qle,0,85,7196cc92-0de5-48f9-86c2-d713311b3435,10,OldSchoolCool,"My grandpa filming at a convention in Detroit, 1970s",http://i.imgur.com/84xptlf.jpg,0,5c2b8e2f-ca2f-4994-8985-739b453197cd
1460215990.0,i.imgur.com,4e1o88,1,85,7196cc92-0de5-48f9-86c2-d713311b3435,12,OldSchoolCool,My parents in 1987 at 25,http://i.imgur.com/shNqHRY.jpg,1,5c2b8e2f-ca2f-4994-8985-739b453197cd
1460647768.0,i.imgur.com,4ernzf,5,86,7196cc92-0de5-48f9-86c2-d713311b3435,45,OldSchoolCool,Woman from the early 1850s,http://i.imgur.com/FYodjK3.jpg,0,5c2b8e2f-ca2f-4994-8985-739b453197cd
1460647730.0,i.imgur.com,4ernvj,8,86,7196cc92-0de5-48f9-86c2-d713311b3435,13,OldSchoolCool,"German couple, ca. 1933",http://i.imgur.com/rcd1UOv.jpg,1,5c2b8e2f-ca2f-4994-8985-739b453197cd
1460310612.0,imgur.com,4e6rbz,5,87,7196cc92-0de5-48f9-86c2-d713311b3435,15,OldSchoolCool,"My grandfather meeting the Queen Mother in England, c. 1960s",http://i.imgur.com/2cAAWOt.png,0,5c2b8e2f-ca2f-4994-8985-739b453197cd
1460307880.0,i.imgur.com,4e6kd0,0,87,7196cc92-0de5-48f9-86c2-d713311b3435,14,OldSchoolCool,"Women’s basketball team in Casablanca, 1960",http://i.imgur.com/xGX3kyZ.jpg,1,5c2b8e2f-ca2f-4994-8985-739b453197cd
1459388009.0,imgur.com,4cnw3l,0,88,7196cc92-0de5-48f9-86c2-d713311b3435,0,OldSchoolCool,"Mark Hamill as Luke Skywalker (1977). Looks like a pic from ""The Star Wars Hottest Hunks"" calendar.",http://i.imgur.com/KZG1UXM.png,0,5c2b8e2f-ca2f-4994-8985-739b453197cd
1459388400.0,i.imgur.com,4cnwzy,0,88,7196cc92-0de5-48f9-86c2-d713311b3435,0,OldSchoolCool,Syd Barrett and his kitties. 1969,http://i.imgur.com/L6D3vsY.jpg,1,5c2b8e2f-ca2f-4994-8985-739b453197cd
1459160935.0,imgur.com,4c9mbw,9,89,7196cc92-0de5-48f9-86c2-d713311b3435,104,OldSchoolCool,"2 year old Alan Alda (aka Hawkeye Pierce from M*A*S*H) smoking a pipe, 1938.",http://i.imgur.com/Rl6eEAK.jpg,0,5c2b8e2f-ca2f-4994-8985-739b453197cd
1459158135.0,m.imgur.com,4c9iiv,1,89,7196cc92-0de5-48f9-86c2-d713311b3435,2,OldSchoolCool,"Street of a suburb in Sydney, 1955",http://i.imgur.com/8FuiPOI.jpg,1,5c2b8e2f-ca2f-4994-8985-739b453197cd
1459629200.0,imgur.com,4d36hx,0,90,7196cc92-0de5-48f9-86c2-d713311b3435,4,OldSchoolCool,My mum and her friends in the late 1970s,http://i.imgur.com/RcS3cKj.jpg,0,5c2b8e2f-ca2f-4994-8985-739b453197cd
1459629679.0,imgur.com,4d37of,7,90,7196cc92-0de5-48f9-86c2-d713311b3435,63,OldSchoolCool,"My dad turned 65 today, here's him circa 1974",http://i.imgur.com/5tHtY7k.jpg,1,5c2b8e2f-ca2f-4994-8985-739b453197cd
1460562752.0,i.imgur.com,4em6tm,1,91,7196cc92-0de5-48f9-86c2-d713311b3435,14,OldSchoolCool,"My Grandfather, in the Italian Cavalry (1932)",http://i.imgur.com/bFE6H5A.jpg,0,5c2b8e2f-ca2f-4994-8985-739b453197cd
1460563053.0,i.imgur.com,4em7mf,0,91,7196cc92-0de5-48f9-86c2-d713311b3435,3,OldSchoolCool,David Bowie holding his 40th birthday cake (1987),http://i.imgur.com/ryiIdvk.jpg,1,5c2b8e2f-ca2f-4994-8985-739b453197cd
1459768414.0,i.imgur.com,4dam2k,5,92,7196cc92-0de5-48f9-86c2-d713311b3435,22,OldSchoolCool,Raquel Welch from the 1966 movie One Million Years B.C. [xpost /r/geekboners],http://i.imgur.com/JprUqTK.jpg,0,5c2b8e2f-ca2f-4994-8985-739b453197cd
1459767403.0,i.imgur.com,4dake3,5,92,7196cc92-0de5-48f9-86c2-d713311b3435,28,OldSchoolCool,"Debbie Harry, Who Will Turn 70 on July 1st, in 1976",http://i.imgur.com/jIzk4T9.jpg,1,5c2b8e2f-ca2f-4994-8985-739b453197cd
1460486195.0,i.imgur.com,4ehhgf,5,93,7196cc92-0de5-48f9-86c2-d713311b3435,9,OldSchoolCool,"Didier Hanson. American beauty Jeanette Loff (1906-1942) made her film debut in Uncle Tom's Cabin (Harry A. Pollard, 1927)",http://i.imgur.com/a5KrViA.jpg,0,5c2b8e2f-ca2f-4994-8985-739b453197cd
1460485213.0,i.imgur.com,4ehemu,1,93,7196cc92-0de5-48f9-86c2-d713311b3435,13,OldSchoolCool,American Beauty 1910,http://i.imgur.com/CGLekZ5.jpg,1,5c2b8e2f-ca2f-4994-8985-739b453197cd
1459826987.0,imgur.com,4depff,0,94,7196cc92-0de5-48f9-86c2-d713311b3435,13,OldSchoolCool,Miles Davis and Stevie Wonder (1970s),http://i.imgur.com/k1rEad5.jpg,0,5c2b8e2f-ca2f-4994-8985-739b453197cd
1459824530.0,imgur.com,4dek2e,5,94,7196cc92-0de5-48f9-86c2-d713311b3435,8,OldSchoolCool,My grandparents (on the left) c. 1943/44.,http://i.imgur.com/T80cEWz.jpg,1,5c2b8e2f-ca2f-4994-8985-739b453197cd
1459707283.0,i.imgur.com,4d77ia,4,95,7196cc92-0de5-48f9-86c2-d713311b3435,26,OldSchoolCool,"My grandpa (middle, bottom row), early 1930s. I love everything about this photo.",http://i.imgur.com/0XMrQKz.jpg,0,5c2b8e2f-ca2f-4994-8985-739b453197cd
1459706210.0,imgur.com,4d74r3,0,95,7196cc92-0de5-48f9-86c2-d713311b3435,19,OldSchoolCool,"Winona and Christian, Heathers (1988)",http://i.imgur.com/Lmb4ck7.jpg,1,5c2b8e2f-ca2f-4994-8985-739b453197cd
1460179717.0,i.imgur.com,4e0604,1,96,7196cc92-0de5-48f9-86c2-d713311b3435,39,OldSchoolCool,Dusty Hill and Billy Gibbons of ZZ Top performing in Connecticut - 1975,http://i.imgur.com/I1OSOg8.jpg,0,5c2b8e2f-ca2f-4994-8985-739b453197cd
1460180961.0,i.imgur.com,4e07wy,630,96,7196cc92-0de5-48f9-86c2-d713311b3435,4628,OldSchoolCool,"My mother in 1987, China",http://i.imgur.com/tA4IPV3.jpg,1,5c2b8e2f-ca2f-4994-8985-739b453197cd
1459538419.0,i.imgur.com,4cxi8s,4,97,7196cc92-0de5-48f9-86c2-d713311b3435,62,OldSchoolCool,"Bettie Page: 1950s Badgirl ""BangBang""",http://i.imgur.com/BAhLk1i.jpg,0,5c2b8e2f-ca2f-4994-8985-739b453197cd
1459537603.0,i.imgur.com,4cxfa4,4,97,7196cc92-0de5-48f9-86c2-d713311b3435,9,OldSchoolCool,"Jane Wiedlin, Because some of us prefer brunettes. 1980",http://i.imgur.com/0BFGykK.jpg,1,5c2b8e2f-ca2f-4994-8985-739b453197cd
1459339058.0,i.imgur.com,4ckfju,2,98,7196cc92-0de5-48f9-86c2-d713311b3435,6,OldSchoolCool,"Hippies at Woodstock, 1969",http://i.imgur.com/knFCLVL.jpg,0,5c2b8e2f-ca2f-4994-8985-739b453197cd
1459341552.0,i.imgur.com,4ckkdl,1,98,7196cc92-0de5-48f9-86c2-d713311b3435,28,OldSchoolCool,"Anna May Wong Was The First Chinese American Movie Star, And The First Asian American Actress To Gain International Recognition, 1920s",http://i.imgur.com/O9tWG1l.jpg,1,5c2b8e2f-ca2f-4994-8985-739b453197cd
1460310798.0,imgur.com,4e6rtv,0,99,7196cc92-0de5-48f9-86c2-d713311b3435,0,OldSchoolCool,"My mom in her mid 30's| 90s, China",http://i.imgur.com/q7T7rkO.jpg,0,5c2b8e2f-ca2f-4994-8985-739b453197cd
1460310055.0,i.imgur.com,4e6pxg,0,99,7196cc92-0de5-48f9-86c2-d713311b3435,15,OldSchoolCool,My dad backpacking through Spain in 1981.,http://i.imgur.com/VsArwgM.jpg,1,5c2b8e2f-ca2f-4994-8985-739b453197cd
1460596672.0,imgur.com,4eos81,12,0,11f324ac-0eda-4c05-a877-c9ac8b568ec4,164,OldSchoolCool,"My mom and her two friends. Waterville, Maine 1985. The car's name was Mavis the Maverick.",http://i.imgur.com/susXU69.jpg,0,5c2b8e2f-ca2f-4994-8985-739b453197cd
1460310055.0,i.imgur.com,4e6pxg,0,0,11f324ac-0eda-4c05-a877-c9ac8b568ec4,15,OldSchoolCool,My dad backpacking through Spain in 1981.,http://i.imgur.com/VsArwgM.jpg,1,5c2b8e2f-ca2f-4994-8985-739b453197cd
1460366657.0,i.imgur.com,4e9ziw,46,1,11f324ac-0eda-4c05-a877-c9ac8b568ec4,719,OldSchoolCool,"Hunter S. Thompson, Mexico in 1974",http://i.imgur.com/Oxryb0C.jpg,0,5c2b8e2f-ca2f-4994-8985-739b453197cd
1460600280.0,imgur.com,4ep1r0,95,1,11f324ac-0eda-4c05-a877-c9ac8b568ec4,1180,OldSchoolCool,Tanya Roberts in The Beastmaster (1982),http://i.imgur.com/Nn1XHh5.jpg,1,5c2b8e2f-ca2f-4994-8985-739b453197cd
1459968930.0,i.imgur.com,4dn78c,1,2,11f324ac-0eda-4c05-a877-c9ac8b568ec4,3,OldSchoolCool,"My grandfather on his farm, some time between 1984-1989",http://i.imgur.com/MPSkGRj.jpg,0,5c2b8e2f-ca2f-4994-8985-739b453197cd
1460367096.0,i.imgur.com,4ea05z,9,2,11f324ac-0eda-4c05-a877-c9ac8b568ec4,102,OldSchoolCool,Ann Margrt in the 1966,http://i.imgur.com/uYx53Tw.jpg,1,5c2b8e2f-ca2f-4994-8985-739b453197cd
1459613562.0,i.imgur.com,4d23bc,12,3,11f324ac-0eda-4c05-a877-c9ac8b568ec4,58,OldSchoolCool,My dad in the 70's listening to some records.,http://i.imgur.com/AR8klvs.jpg,0,5c2b8e2f-ca2f-4994-8985-739b453197cd
1459970043.0,i.imgur.com,4dnabw,9,3,11f324ac-0eda-4c05-a877-c9ac8b568ec4,45,OldSchoolCool,"My dad on a day off, 1987.",http://i.imgur.com/Y8zi0WH.jpg,1,5c2b8e2f-ca2f-4994-8985-739b453197cd
1460073142.0,imgur.com,4dtvlp,3,4,11f324ac-0eda-4c05-a877-c9ac8b568ec4,141,OldSchoolCool,"Tony Hawk skitching with Evel Knievel, 1990's",http://i.imgur.com/mmzDeSX.jpg,0,5c2b8e2f-ca2f-4994-8985-739b453197cd
1459611386.0,i.imgur.com,4d1y0j,12,4,11f324ac-0eda-4c05-a877-c9ac8b568ec4,106,OldSchoolCool,"Adam Sandler in High School, early 80's",http://i.imgur.com/prOTK7e.jpg,1,5c2b8e2f-ca2f-4994-8985-739b453197cd
1460637323.0,i.imgur.com,4eqwyj,13,5,11f324ac-0eda-4c05-a877-c9ac8b568ec4,90,OldSchoolCool,"Elvis Presley and Diane Goodin on their way to the Nassau Coliseum (July, 1975).",http://i.imgur.com/DNhq5uL.jpg,0,5c2b8e2f-ca2f-4994-8985-739b453197cd
1460072820.0,i.imgur.com,4dtuti,0,5,11f324ac-0eda-4c05-a877-c9ac8b568ec4,19,OldSchoolCool,"Rembrandt (Marcelino Sánchez) on the set of ""The Warriors,"" 1979",http://i.imgur.com/tzDja9f.jpg,1,5c2b8e2f-ca2f-4994-8985-739b453197cd
1459262681.0,imgur.com,4cfq2q,19,6,11f324ac-0eda-4c05-a877-c9ac8b568ec4,534,OldSchoolCool,My Grandpa was a Golden Gloves Champion in the 1930's,http://i.imgur.com/ELVYCOV.jpg,0,5c2b8e2f-ca2f-4994-8985-739b453197cd
1460638061.0,m.imgur.com,4eqyii,527,6,11f324ac-0eda-4c05-a877-c9ac8b568ec4,3424,OldSchoolCool,My mother as a playboy bunny cocktail waitress in the 80's,http://i.imgur.com/1v3RGmc.jpg,1,5c2b8e2f-ca2f-4994-8985-739b453197cd
1460540917.0,i.imgur.com,4ekupk,5,7,11f324ac-0eda-4c05-a877-c9ac8b568ec4,10,OldSchoolCool,"A windy day in Philadelphia, 1947",http://i.imgur.com/SJagiiE.jpg,0,5c2b8e2f-ca2f-4994-8985-739b453197cd
1459262503.0,i.imgur.com,4cfpm0,11,7,11f324ac-0eda-4c05-a877-c9ac8b568ec4,53,OldSchoolCool,"In the 1920's, the ideal female body became the more androgynous form of the flapper girl and women bound their breasts and cut their hair into boyish bobs .",http://i.imgur.com/RFK96Bd.jpg,1,5c2b8e2f-ca2f-4994-8985-739b453197cd
1459872473.0,i.imgur.com,4dh3ob,2,8,11f324ac-0eda-4c05-a877-c9ac8b568ec4,34,OldSchoolCool,"Theodore Roosevelt and John Muir on Glacier Point, Yosemite Valley, California, in 1903",http://i.imgur.com/wFpw6fc.jpg,0,5c2b8e2f-ca2f-4994-8985-739b453197cd
1460540478.0,i.imgur.com,4eku2n,4,8,11f324ac-0eda-4c05-a877-c9ac8b568ec4,10,OldSchoolCool,EnVogue 1988 and 26 years later,http://i.imgur.com/osDDwq8.jpg,1,5c2b8e2f-ca2f-4994-8985-739b453197cd
1459632733.0,imgur.com,4d3f2o,8,9,11f324ac-0eda-4c05-a877-c9ac8b568ec4,18,OldSchoolCool,"Small town Arizona, 1976",http://i.imgur.com/NQuw2RM.jpg,0,5c2b8e2f-ca2f-4994-8985-739b453197cd
1459872860.0,imgur.com,4dh4uy,9,9,11f324ac-0eda-4c05-a877-c9ac8b568ec4,50,OldSchoolCool,My mom in the 1970's on a farm in Iowa,http://i.imgur.com/Zdq3alh.jpg,1,5c2b8e2f-ca2f-4994-8985-739b453197cd
1459486624.0,imgur.com,4cu0sp,27,10,11f324ac-0eda-4c05-a877-c9ac8b568ec4,77,OldSchoolCool,"My grandfather while in the Navy, late 40's.",http://i.imgur.com/HzevvpW.jpg,0,5c2b8e2f-ca2f-4994-8985-739b453197cd
1459635205.0,imgur.com,4d3l39,17,10,11f324ac-0eda-4c05-a877-c9ac8b568ec4,92,OldSchoolCool,Uncle Bob shredding some time in the 70's,http://i.imgur.com/9KdwJt3.jpg,1,5c2b8e2f-ca2f-4994-8985-739b453197cd
1459856170.0,i.imgur.com,4dg0aw,1,11,11f324ac-0eda-4c05-a877-c9ac8b568ec4,20,OldSchoolCool,"Catherine Bach, 1970s",http://i.imgur.com/HtufPDt.jpg,0,5c2b8e2f-ca2f-4994-8985-739b453197cd
1459485434.0,imgur.com,4ctyae,6,11,11f324ac-0eda-4c05-a877-c9ac8b568ec4,37,OldSchoolCool,Great grandmother hanging out in the 1950's,http://i.imgur.com/HcXRL54.jpg,1,5c2b8e2f-ca2f-4994-8985-739b453197cd
1460108061.0,i.imgur.com,4dvo80,0,12,11f324ac-0eda-4c05-a877-c9ac8b568ec4,4,OldSchoolCool,1940's actress Gene Tierney,http://i.imgur.com/6DC98F8.jpg,0,5c2b8e2f-ca2f-4994-8985-739b453197cd
1459856194.0,i.imgur.com,4dg0ci,17,12,11f324ac-0eda-4c05-a877-c9ac8b568ec4,35,OldSchoolCool,"Debbie Harry on the World Trade Center observation deck, 1980s",http://i.imgur.com/3tcq5dP.jpg,1,5c2b8e2f-ca2f-4994-8985-739b453197cd
1459971010.0,imgur.com,4dnd19,5,13,11f324ac-0eda-4c05-a877-c9ac8b568ec4,21,OldSchoolCool,"Enjoy Coke, Rio de Janeiro, Late 1970s",http://i.imgur.com/ur6PH2J.jpg,0,5c2b8e2f-ca2f-4994-8985-739b453197cd
1460107716.0,i.imgur.com,4dvnqz,2,13,11f324ac-0eda-4c05-a877-c9ac8b568ec4,2,OldSchoolCool,fashion of 1970,http://i.imgur.com/ohxlpok.jpg,1,5c2b8e2f-ca2f-4994-8985-739b453197cd
1460640577.0,i.imgur.com,4er4dm,1,14,11f324ac-0eda-4c05-a877-c9ac8b568ec4,9,OldSchoolCool,Johnny Depp 1982,http://i.imgur.com/2NFokc8.jpg,0,5c2b8e2f-ca2f-4994-8985-739b453197cd
1459970799.0,imgur.com,4dncg5,3,14,11f324ac-0eda-4c05-a877-c9ac8b568ec4,20,OldSchoolCool,"Ann Thomas, Tina Turner, and a lucky fan backstage in 1965",http://i.imgur.com/AqR6Ssv.jpg,1,5c2b8e2f-ca2f-4994-8985-739b453197cd
1459204623.0,i.imgur.com,4cckv6,31,15,11f324ac-0eda-4c05-a877-c9ac8b568ec4,494,OldSchoolCool,"Members of the French Resistance, 1945",http://i.imgur.com/zHUSWz1.jpg,0,5c2b8e2f-ca2f-4994-8985-739b453197cd
1460640010.0,i.imgur.com,4er30r,6,15,11f324ac-0eda-4c05-a877-c9ac8b568ec4,16,OldSchoolCool,"Barack Obama at Occidental College, L.A. (1980)",http://i.imgur.com/roXp4m7.jpg,1,5c2b8e2f-ca2f-4994-8985-739b453197cd
1459781717.0,m.imgur.com,4dbel9,17,16,11f324ac-0eda-4c05-a877-c9ac8b568ec4,152,OldSchoolCool,"Alcohol being poured out on the streets Prohibition Detroit, 1929",http://i.imgur.com/1PRnFZB.jpg,0,5c2b8e2f-ca2f-4994-8985-739b453197cd
1459206139.0,imgur.com,4ccov0,12,16,11f324ac-0eda-4c05-a877-c9ac8b568ec4,40,OldSchoolCool,"I liked that first photo strip, and wanted to share my own. Here are my parents in 1986!",http://i.imgur.com/PLxNRlT.png,1,5c2b8e2f-ca2f-4994-8985-739b453197cd
1460181824.0,imgur.com,4e096o,26,17,11f324ac-0eda-4c05-a877-c9ac8b568ec4,13,OldSchoolCool,My Indonesian mom and her sister in 1991. My mom is 11 and my aunt is 17. (Mom is the younger one),http://i.imgur.com/Jo38LTa.jpg,0,5c2b8e2f-ca2f-4994-8985-739b453197cd
1459782130.0,i.imgur.com,4dbfnf,705,17,11f324ac-0eda-4c05-a877-c9ac8b568ec4,5143,OldSchoolCool,Obligatory pre-prom photo in the living room (1961),http://i.imgur.com/20P6D6q.jpg,1,5c2b8e2f-ca2f-4994-8985-739b453197cd
1459347658.0,i.imgur.com,4ckyg0,11,18,11f324ac-0eda-4c05-a877-c9ac8b568ec4,38,OldSchoolCool,The coolest nerds around - Rush - Circa 1977,http://i.imgur.com/ca9bYZ4.jpg,0,5c2b8e2f-ca2f-4994-8985-739b453197cd
1460180961.0,i.imgur.com,4e07wy,630,18,11f324ac-0eda-4c05-a877-c9ac8b568ec4,4621,OldSchoolCool,"My mother in 1987, China",http://i.imgur.com/tA4IPV3.jpg,1,5c2b8e2f-ca2f-4994-8985-739b453197cd
1459618932.0,imgur.com,4d2gn2,2,19,11f324ac-0eda-4c05-a877-c9ac8b568ec4,1,OldSchoolCool,Early 80s: Me rocking the shades.,http://i.imgur.com/9UMRCpG.jpg,0,5c2b8e2f-ca2f-4994-8985-739b453197cd
1459346495.0,i.imgur.com,4ckvmh,0,19,11f324ac-0eda-4c05-a877-c9ac8b568ec4,7,OldSchoolCool,"Marines at Sniper School in Quantico, Virginia, circa 1967",http://i.imgur.com/M74JKR2.jpg,1,5c2b8e2f-ca2f-4994-8985-739b453197cd
1460555744.0,imgur.com,4elnwl,10,20,11f324ac-0eda-4c05-a877-c9ac8b568ec4,75,OldSchoolCool,My wife's stepfather: The original hipster (1970's),http://i.imgur.com/rrqL23L.jpg,0,5c2b8e2f-ca2f-4994-8985-739b453197cd
1459616523.0,imgur.com,4d2alu,0,20,11f324ac-0eda-4c05-a877-c9ac8b568ec4,13,OldSchoolCool,My grandmother getting ready for Carnival in Cuba at about 18 years old.,http://i.imgur.com/6qtbqX0.jpg,1,5c2b8e2f-ca2f-4994-8985-739b453197cd
1460424220.0,i.imgur.com,4edvdb,2,21,11f324ac-0eda-4c05-a877-c9ac8b568ec4,56,OldSchoolCool,"Astrid Kirchherr and Stuart Sutcliffe, 1961",http://i.imgur.com/bz7H826.jpg,0,5c2b8e2f-ca2f-4994-8985-739b453197cd
1460554358.0,imgur.com,4elkfx,5,21,11f324ac-0eda-4c05-a877-c9ac8b568ec4,18,OldSchoolCool,"My Grandma and Grandpa on their Wedding Day, 1958",http://i.imgur.com/smUKH8W.jpg,1,5c2b8e2f-ca2f-4994-8985-739b453197cd
1460052253.0,i.imgur.com,4dsapb,262,22,11f324ac-0eda-4c05-a877-c9ac8b568ec4,2552,OldSchoolCool,1976 vs 2015,http://i.imgur.com/PyxgRmS.jpg,0,5c2b8e2f-ca2f-4994-8985-739b453197cd
1460426064.0,imgur.com,4edzqa,6,22,11f324ac-0eda-4c05-a877-c9ac8b568ec4,279,OldSchoolCool,My grandfather making Christmas cookies - 1960,http://i.imgur.com/C9qlhPE.jpg,1,5c2b8e2f-ca2f-4994-8985-739b453197cd
1460080238.0,imgur.com,4duc1p,6,23,11f324ac-0eda-4c05-a877-c9ac8b568ec4,27,OldSchoolCool,My Dad (top middle) in Japan with friends from Judo class - Early 1950's,http://i.imgur.com/KkXjtC6.jpg,0,5c2b8e2f-ca2f-4994-8985-739b453197cd
1460051930.0,i.imgur.com,4ds9p4,895,23,11f324ac-0eda-4c05-a877-c9ac8b568ec4,5828,OldSchoolCool,My Friend With The Power Glove - Ca. 1989.,http://i.imgur.com/pcq1IAz.jpg,1,5c2b8e2f-ca2f-4994-8985-739b453197cd
1459619442.0,i.imgur.com,4d2hy7,3,24,11f324ac-0eda-4c05-a877-c9ac8b568ec4,37,OldSchoolCool,At the Phone in Old Japan (1920),http://i.imgur.com/WmmRIxI.jpg,0,5c2b8e2f-ca2f-4994-8985-739b453197cd
1460080698.0,imgur.com,4dud2s,1,24,11f324ac-0eda-4c05-a877-c9ac8b568ec4,69,OldSchoolCool,Marilyn Monroe brushing her hair 1953,http://i.imgur.com/czFaAAb.jpg,1,5c2b8e2f-ca2f-4994-8985-739b453197cd
1460010209.0,imgur.com,4dpv25,2,25,11f324ac-0eda-4c05-a877-c9ac8b568ec4,19,OldSchoolCool,"My Grandpa (Standup bass) and his band ""The Country Lads"" providing the sound track for a late 50's party. The old man is currently in the hospital fighting heart issues, but I wish I had the chance to buy him a drink after their set. Here's to you Gido. get well soon.",http://i.imgur.com/T6l8VL1.jpg,0,5c2b8e2f-ca2f-4994-8985-739b453197cd
1459619214.0,i.imgur.com,4d2he2,6,25,11f324ac-0eda-4c05-a877-c9ac8b568ec4,18,OldSchoolCool,"Hanging out with GG Allin, 1989",http://i.imgur.com/9tl2UhF.jpg,1,5c2b8e2f-ca2f-4994-8985-739b453197cd
1460377086.0,i.imgur.com,4eag0o,4,26,11f324ac-0eda-4c05-a877-c9ac8b568ec4,64,OldSchoolCool,Gorgeous Chorus Girls on the set of Becky c.1927,http://i.imgur.com/BV7R48X.jpg,0,5c2b8e2f-ca2f-4994-8985-739b453197cd
1460011636.0,imgur.com,4dpxbf,424,26,11f324ac-0eda-4c05-a877-c9ac8b568ec4,4030,OldSchoolCool,"Keanu Reeves, 1990s",http://i.imgur.com/DNY9XOo.jpg,1,5c2b8e2f-ca2f-4994-8985-739b453197cd
1459983140.0,i.imgur.com,4do9dy,13,27,11f324ac-0eda-4c05-a877-c9ac8b568ec4,64,OldSchoolCool,"Neil Armstrong and David Scott at the end of the Gemini 8 mission, 1966 [4536 x 4536]",http://i.imgur.com/XI4dN6O.jpg,0,5c2b8e2f-ca2f-4994-8985-739b453197cd
1460378781.0,i.imgur.com,4eajak,0,27,11f324ac-0eda-4c05-a877-c9ac8b568ec4,51,OldSchoolCool,"The Who, 1968.",http://i.imgur.com/DO1pVe4.jpg,1,5c2b8e2f-ca2f-4994-8985-739b453197cd
1459425435.0,i.imgur.com,4cponj,1,28,11f324ac-0eda-4c05-a877-c9ac8b568ec4,15,OldSchoolCool,"Jean-Michel Basquiat and Madonna, 1980's",http://i.imgur.com/FEymZpp.jpg,0,5c2b8e2f-ca2f-4994-8985-739b453197cd
1459982049.0,imgur.com,4do6o2,19,28,11f324ac-0eda-4c05-a877-c9ac8b568ec4,19,OldSchoolCool,"Jeffrey Dahmer at the beach, 1980's.",http://i.imgur.com/NwytBzN.png,1,5c2b8e2f-ca2f-4994-8985-739b453197cd
1459785642.0,imgur.com,4dbpfa,18,29,11f324ac-0eda-4c05-a877-c9ac8b568ec4,305,OldSchoolCool,My grandma in the 1970s,http://i.imgur.com/qfd6HQS.jpg,0,5c2b8e2f-ca2f-4994-8985-739b453197cd
1459423545.0,i.imgur.com,4cpld2,2,29,11f324ac-0eda-4c05-a877-c9ac8b568ec4,24,OldSchoolCool,"Rene Russo in Star Wars hairdo, 1980",http://i.imgur.com/qsooiDn.jpg,1,5c2b8e2f-ca2f-4994-8985-739b453197cd
1459792992.0,i.imgur.com,4dc9wa,12,30,11f324ac-0eda-4c05-a877-c9ac8b568ec4,27,OldSchoolCool,A Gibson Girl in her corset in the early 1900s,http://i.imgur.com/x78b8JC.jpg,0,5c2b8e2f-ca2f-4994-8985-739b453197cd
1459784026.0,m.imgur.com,4dbkwr,6,30,11f324ac-0eda-4c05-a877-c9ac8b568ec4,42,OldSchoolCool,My grandfather as a navy sailor in 1950's Soviet Ukraine.,http://i.imgur.com/FfgUdBl.jpg,1,5c2b8e2f-ca2f-4994-8985-739b453197cd
1460578552.0,imgur.com,4engns,10,31,11f324ac-0eda-4c05-a877-c9ac8b568ec4,168,OldSchoolCool,Grandpa Jim in his baby walker; 1941,http://i.imgur.com/VvjTGN7.jpg,0,5c2b8e2f-ca2f-4994-8985-739b453197cd
1459792135.0,i.imgur.com,4dc7gk,10,31,11f324ac-0eda-4c05-a877-c9ac8b568ec4,36,OldSchoolCool,A man being a man in the 60's.,http://i.imgur.com/B89g7fN.jpg,1,5c2b8e2f-ca2f-4994-8985-739b453197cd
1459953236.0,i.imgur.com,4dlzl0,31,32,11f324ac-0eda-4c05-a877-c9ac8b568ec4,134,OldSchoolCool,"Debbie and Iggy, 1975",http://i.imgur.com/4VNFNev.png,0,5c2b8e2f-ca2f-4994-8985-739b453197cd
1460576713.0,imgur.com,4enb55,6,32,11f324ac-0eda-4c05-a877-c9ac8b568ec4,11,OldSchoolCool,"My badass Grandpa shooting a pistol, 1970.",http://i.imgur.com/fZ20kgd.jpg,1,5c2b8e2f-ca2f-4994-8985-739b453197cd
1460340156.0,i.imgur.com,4e8qph,11,33,11f324ac-0eda-4c05-a877-c9ac8b568ec4,86,OldSchoolCool,"21-year-old Pamela Anderson, Vancouver, BC, 1989",http://i.imgur.com/6VJXSPb.jpg,0,5c2b8e2f-ca2f-4994-8985-739b453197cd
1459954512.0,imgur.com,4dm2wy,0,33,11f324ac-0eda-4c05-a877-c9ac8b568ec4,11,OldSchoolCool,Marilyn Monroe eating at a restaurant 1948,http://i.imgur.com/YhMR11D.jpg,1,5c2b8e2f-ca2f-4994-8985-739b453197cd
1460394837.0,imgur.com,4ebodk,9,34,11f324ac-0eda-4c05-a877-c9ac8b568ec4,40,OldSchoolCool,"A girl and her horse diving into a pool, Coney Island, 1920's.",http://i.imgur.com/RZuGm1t.jpg,0,5c2b8e2f-ca2f-4994-8985-739b453197cd
1460341959.0,i.imgur.com,4e8uid,28,34,11f324ac-0eda-4c05-a877-c9ac8b568ec4,743,OldSchoolCool,Molly Ringwald (Before Pretty In Pink movie). 1985.,http://i.imgur.com/fzFm8n9.jpg,1,5c2b8e2f-ca2f-4994-8985-739b453197cd
1460120703.0,i.imgur.com,4dwa9g,0,35,11f324ac-0eda-4c05-a877-c9ac8b568ec4,20,OldSchoolCool,"Dan Aykroyd, John Belushi, and John Lee Hooker on the set of 'The Blues Brothers' (1979)",http://i.imgur.com/w1LREf8.jpg,0,5c2b8e2f-ca2f-4994-8985-739b453197cd
1460393994.0,i.imgur.com,4eblwc,2,35,11f324ac-0eda-4c05-a877-c9ac8b568ec4,28,OldSchoolCool,"Tower Records - Tacoma, Washington, 1978 [x-post from /r/TheWayWeWere]",http://i.imgur.com/2SE5wCm.jpg,1,5c2b8e2f-ca2f-4994-8985-739b453197cd
1460647768.0,i.imgur.com,4ernzf,5,36,11f324ac-0eda-4c05-a877-c9ac8b568ec4,48,OldSchoolCool,Woman from the early 1850s,http://i.imgur.com/FYodjK3.jpg,0,5c2b8e2f-ca2f-4994-8985-739b453197cd
1460123379.0,i.imgur.com,4dwgir,0,36,11f324ac-0eda-4c05-a877-c9ac8b568ec4,9,OldSchoolCool,"Popular Hindi Movie Actress Tanuja, 1960-70's",http://i.imgur.com/Ns13yBn.jpg,1,5c2b8e2f-ca2f-4994-8985-739b453197cd
1460024749.0,imgur.com,4dqg1l,5,37,11f324ac-0eda-4c05-a877-c9ac8b568ec4,117,OldSchoolCool,"Brigitte Bardot, 1952",http://i.imgur.com/vbEeVcz.jpg,0,5c2b8e2f-ca2f-4994-8985-739b453197cd
1460647730.0,i.imgur.com,4ernvj,8,37,11f324ac-0eda-4c05-a877-c9ac8b568ec4,13,OldSchoolCool,"German couple, ca. 1933",http://i.imgur.com/rcd1UOv.jpg,1,5c2b8e2f-ca2f-4994-8985-739b453197cd
1459651680.0,i.imgur.com,4d4l0n,59,38,11f324ac-0eda-4c05-a877-c9ac8b568ec4,809,OldSchoolCool,"The Solvay Conference, probably the most intelligent picture ever taken, 1927",http://i.imgur.com/ZdMjDHw.jpg,0,5c2b8e2f-ca2f-4994-8985-739b453197cd
1460023263.0,imgur.com,4dqdtc,2,38,11f324ac-0eda-4c05-a877-c9ac8b568ec4,1,OldSchoolCool,Britt Ekland in the original Wicker Man 1973,http://i.imgur.com/yeFG0bE.jpg,1,5c2b8e2f-ca2f-4994-8985-739b453197cd
1460409779.0,i.imgur.com,4ecv5h,1,39,11f324ac-0eda-4c05-a877-c9ac8b568ec4,6,OldSchoolCool,A friend's family in 1975. He os the drummer in our band.,http://i.imgur.com/ejMMyTL.jpg,0,5c2b8e2f-ca2f-4994-8985-739b453197cd
1459652257.0,imgur.com,4d4m42,3,39,11f324ac-0eda-4c05-a877-c9ac8b568ec4,97,OldSchoolCool,Grandpa Chuck. 1963...,http://i.imgur.com/tMEB4yq.jpg,1,5c2b8e2f-ca2f-4994-8985-739b453197cd
1459560093.0,i.imgur.com,4czchb,0,40,11f324ac-0eda-4c05-a877-c9ac8b568ec4,0,OldSchoolCool,"Bono, about 1985",http://i.imgur.com/Fn2OPlB.jpg,0,5c2b8e2f-ca2f-4994-8985-739b453197cd
1460411558.0,imgur.com,4eczse,3,40,11f324ac-0eda-4c05-a877-c9ac8b568ec4,66,OldSchoolCool,"DeForest Kelley, William Shatner and Leonard Nimoy pretending to shave with their phasers on the Star Trek set. 1968.",http://i.imgur.com/GuQbSfx.jpg,1,5c2b8e2f-ca2f-4994-8985-739b453197cd
1459539169.0,i.imgur.com,4cxkxg,29,41,11f324ac-0eda-4c05-a877-c9ac8b568ec4,178,OldSchoolCool,Lynda Carter Miss World USA (1972),http://i.imgur.com/WNZFwRx.jpg,0,5c2b8e2f-ca2f-4994-8985-739b453197cd
1459561325.0,i.imgur.com,4czfjw,5,41,11f324ac-0eda-4c05-a877-c9ac8b568ec4,14,OldSchoolCool,"Phil Ochs, 1970s",http://i.imgur.com/nK7B4Ok.jpg,1,5c2b8e2f-ca2f-4994-8985-739b453197cd
1460212934.0,i.imgur.com,4e1hhp,84,42,11f324ac-0eda-4c05-a877-c9ac8b568ec4,1314,OldSchoolCool,A picture my mother wishes I never saw. ~1978.,http://i.imgur.com/E98hS6H.jpg,0,5c2b8e2f-ca2f-4994-8985-739b453197cd
1459537830.0,i.imgur.com,4cxg2v,624,42,11f324ac-0eda-4c05-a877-c9ac8b568ec4,5499,OldSchoolCool,Neil Armstrong baking a pizza in 1969,http://i.imgur.com/8HGZoqy.jpg,1,5c2b8e2f-ca2f-4994-8985-739b453197cd
1459879875.0,i.imgur.com,4dhotj,1,43,11f324ac-0eda-4c05-a877-c9ac8b568ec4,17,OldSchoolCool,"Gregory Peck in San Francisco, 1948",http://i.imgur.com/5nLexM3.jpg,0,5c2b8e2f-ca2f-4994-8985-739b453197cd
1460212425.0,i.imgur.com,4e1ghe,5,43,11f324ac-0eda-4c05-a877-c9ac8b568ec4,53,OldSchoolCool,My father and Grandfather partied hard in the 1980s.,http://i.imgur.com/PREMcsh.jpg,1,5c2b8e2f-ca2f-4994-8985-739b453197cd
1460466249.0,i.imgur.com,4efzk8,8,44,11f324ac-0eda-4c05-a877-c9ac8b568ec4,51,OldSchoolCool,"Joel McHale, Rose Bowl 1991",http://i.imgur.com/TY9E37j.jpg,0,5c2b8e2f-ca2f-4994-8985-739b453197cd
1459882214.0,imgur.com,4dhvgz,0,44,11f324ac-0eda-4c05-a877-c9ac8b568ec4,19,OldSchoolCool,"Louis Armstrong, performed for celebrities, students and faculty at Brooklyn College in 1941.",http://i.imgur.com/YVhgTvI.jpg,1,5c2b8e2f-ca2f-4994-8985-739b453197cd
1459655908.0,imgur.com,4d4t35,0,45,11f324ac-0eda-4c05-a877-c9ac8b568ec4,11,OldSchoolCool,Mama and me circa 1988,http://i.imgur.com/Lr6EcCl.jpg,0,5c2b8e2f-ca2f-4994-8985-739b453197cd
1460465802.0,i.imgur.com,4efygn,79,45,11f324ac-0eda-4c05-a877-c9ac8b568ec4,1126,OldSchoolCool,"Frank Sinatra mugshot, 1938. Arrested for flirting in Bergen County, New Jersey aged 23",http://i.imgur.com/iNP48y3.jpg,1,5c2b8e2f-ca2f-4994-8985-739b453197cd
1459608098.0,i.imgur.com,4d1qfz,5,46,11f324ac-0eda-4c05-a877-c9ac8b568ec4,27,OldSchoolCool,"The Ritter family: Father Tex, sons John and Tom, and mother Dorothy Fay, 1970s.",http://i.imgur.com/CyTJsKo.jpg,0,5c2b8e2f-ca2f-4994-8985-739b453197cd
1459656917.0,imgur.com,4d4uyc,27,46,11f324ac-0eda-4c05-a877-c9ac8b568ec4,340,OldSchoolCool,My dad and pregnant mom from 1985.,http://i.imgur.com/otxRuF9.jpg,1,5c2b8e2f-ca2f-4994-8985-739b453197cd
1459658834.0,i.imgur.com,4d4y8w,12,47,11f324ac-0eda-4c05-a877-c9ac8b568ec4,78,OldSchoolCool,Amazing Photo Showing Everyday Life in France in the Early 1930s,http://i.imgur.com/VgQYji0.jpg,0,5c2b8e2f-ca2f-4994-8985-739b453197cd
1459608244.0,i.imgur.com,4d1qrq,1,47,11f324ac-0eda-4c05-a877-c9ac8b568ec4,76,OldSchoolCool,Elvis Presley at home with his stuffed animals (1956).,http://i.imgur.com/07vihiF.jpg,1,5c2b8e2f-ca2f-4994-8985-739b453197cd
1459615557.0,imgur.com,4d284z,3,48,11f324ac-0eda-4c05-a877-c9ac8b568ec4,31,OldSchoolCool,"Ann Margret and her pet tortoise, 1960s",http://i.imgur.com/idlOF8D.jpg,0,5c2b8e2f-ca2f-4994-8985-739b453197cd
1459658324.0,i.imgur.com,4d4xdi,16,48,11f324ac-0eda-4c05-a877-c9ac8b568ec4,228,OldSchoolCool,"Oh behave! Yeah, baby, yeah! Wooooh ... some of the first crocheted bikinis my mom made in the 60s that started the trend.",http://i.imgur.com/cRBkmJx.jpg,1,5c2b8e2f-ca2f-4994-8985-739b453197cd
1459618255.0,i.imgur.com,4d2exz,17,49,11f324ac-0eda-4c05-a877-c9ac8b568ec4,247,OldSchoolCool,That '70s Show in 1998,http://i.imgur.com/FpPg7yJ.png,0,5c2b8e2f-ca2f-4994-8985-739b453197cd
1459615455.0,i.imgur.com,4d27wj,0,49,11f324ac-0eda-4c05-a877-c9ac8b568ec4,29,OldSchoolCool,"Saigon family, 1972",http://i.imgur.com/f9CL6LT.jpg,1,5c2b8e2f-ca2f-4994-8985-739b453197cd
1459884597.0,i.imgur.com,4di26i,1,50,11f324ac-0eda-4c05-a877-c9ac8b568ec4,16,OldSchoolCool,"Marilyn Monroe photographed by Andre de Dienes, 1949",http://i.imgur.com/aqLzXLH.jpg,0,5c2b8e2f-ca2f-4994-8985-739b453197cd
1459619971.0,i.imgur.com,4d2j99,0,50,11f324ac-0eda-4c05-a877-c9ac8b568ec4,6,OldSchoolCool,Buster accidentally proposes to Sybil in The Scarecrow (1920),http://i.imgur.com/WzWV7mM.png,1,5c2b8e2f-ca2f-4994-8985-739b453197cd
1459672548.0,i.imgur.com,4d5huy,1,51,11f324ac-0eda-4c05-a877-c9ac8b568ec4,23,OldSchoolCool,"My great-great-grandfather and a toy koala, circa 1905",http://i.imgur.com/a7QTA4H.jpg,0,5c2b8e2f-ca2f-4994-8985-739b453197cd
1459882598.0,imgur.com,4dhwkj,0,51,11f324ac-0eda-4c05-a877-c9ac8b568ec4,0,OldSchoolCool,Future United States President Franklin D. Roosevelt - 1884,http://i.imgur.com/LcbMpby.jpg,1,5c2b8e2f-ca2f-4994-8985-739b453197cd
1459899732.0,i.imgur.com,4dj6o0,7,52,11f324ac-0eda-4c05-a877-c9ac8b568ec4,13,OldSchoolCool,"Eddie Murphy and Rick James, 1986",http://i.imgur.com/pFVDOfO.jpg,0,5c2b8e2f-ca2f-4994-8985-739b453197cd
1459674111.0,i.imgur.com,4d5jpr,3,52,11f324ac-0eda-4c05-a877-c9ac8b568ec4,5,OldSchoolCool,Adolf Hitler in Paris 1940,http://i.imgur.com/3ZoxtEV.jpg,1,5c2b8e2f-ca2f-4994-8985-739b453197cd
1460649475.0,i.imgur.com,4erst0,8,53,11f324ac-0eda-4c05-a877-c9ac8b568ec4,24,OldSchoolCool,Motherfuckin' Steve McQueen competing in an off-road motorcycle race - 1970,http://i.imgur.com/InA1FtK.jpg,0,5c2b8e2f-ca2f-4994-8985-739b453197cd
1459898749.0,imgur.com,4dj47u,62,53,11f324ac-0eda-4c05-a877-c9ac8b568ec4,1078,OldSchoolCool,NWA in 1985,http://i.imgur.com/kK8pLqk.jpg,1,5c2b8e2f-ca2f-4994-8985-739b453197cd
1460644037.0,i.imgur.com,4erddr,1,54,11f324ac-0eda-4c05-a877-c9ac8b568ec4,16,OldSchoolCool,Sammy Davis Jr. and Maria Stinger. Sammy assisted photographer Bunny Yeager in the 1955 photo shoot in Miami Beach.,http://i.imgur.com/bCNeyjF.jpg,0,5c2b8e2f-ca2f-4994-8985-739b453197cd
1460646449.0,i.imgur.com,4erk86,3,54,11f324ac-0eda-4c05-a877-c9ac8b568ec4,9,OldSchoolCool,"When real men wore flares, 1970s",http://i.imgur.com/S4ymIQR.png,1,5c2b8e2f-ca2f-4994-8985-739b453197cd
1460405694.0,i.imgur.com,4ecjms,1,55,11f324ac-0eda-4c05-a877-c9ac8b568ec4,9,OldSchoolCool,"Family Vacation, My Dad and I are in the middle, Caseville, MI (~1980)",http://i.imgur.com/bX1Zxkd.jpg,0,5c2b8e2f-ca2f-4994-8985-739b453197cd
1460644498.0,imgur.com,4erem2,3,55,11f324ac-0eda-4c05-a877-c9ac8b568ec4,17,OldSchoolCool,George Martin with The Beatles in the studio [1965],http://i.imgur.com/7dvtDfk.jpg,1,5c2b8e2f-ca2f-4994-8985-739b453197cd
1460557562.0,i.imgur.com,4elspc,3,56,11f324ac-0eda-4c05-a877-c9ac8b568ec4,11,OldSchoolCool,"Neil Hamilton in the silent film of The Great Gatsby, 1926",http://i.imgur.com/AebRyR4.jpg,0,5c2b8e2f-ca2f-4994-8985-739b453197cd
1460414068.0,i.imgur.com,4ed6eo,5,56,11f324ac-0eda-4c05-a877-c9ac8b568ec4,39,OldSchoolCool,"Joni Mitchell, David Crosby and Eric Clapton relaxing on the lawn at Cass Elliot's home in Laurel Canyon. Cass's daughter Owen is in the foreground. 1968.",http://i.imgur.com/nYI6u6E.jpg,1,5c2b8e2f-ca2f-4994-8985-739b453197cd
1459795883.0,i.imgur.com,4dci23,0,57,11f324ac-0eda-4c05-a877-c9ac8b568ec4,9,OldSchoolCool,"Manon Loty Paris Music Hall Performer, circa 1900",http://i.imgur.com/eDKAGJd.jpg,0,5c2b8e2f-ca2f-4994-8985-739b453197cd
1460558394.0,imgur.com,4eluwa,10,57,11f324ac-0eda-4c05-a877-c9ac8b568ec4,27,OldSchoolCool,Samurai OG (1907),http://i.imgur.com/mBGHvQ6.jpg,1,5c2b8e2f-ca2f-4994-8985-739b453197cd
1459701046.0,i.imgur.com,4d6rys,0,58,11f324ac-0eda-4c05-a877-c9ac8b568ec4,8,OldSchoolCool,My Mom's side of the Family (1969),http://i.imgur.com/qWIRhsc.jpg,0,5c2b8e2f-ca2f-4994-8985-739b453197cd
1459795587.0,imgur.com,4dch9p,1,58,11f324ac-0eda-4c05-a877-c9ac8b568ec4,7,OldSchoolCool,My Dad #72 Austin HS Chicago IL 1950's,http://i.imgur.com/d5DHgGq.jpg,1,5c2b8e2f-ca2f-4994-8985-739b453197cd
1459564523.0,imgur.com,4czn90,13,59,11f324ac-0eda-4c05-a877-c9ac8b568ec4,13,OldSchoolCool,"Marilyn Monroe, 1956. Photo by Milton Greene",http://i.imgur.com/7jOYwpI.jpg,0,5c2b8e2f-ca2f-4994-8985-739b453197cd
1459703618.0,imgur.com,4d6y5f,5,59,11f324ac-0eda-4c05-a877-c9ac8b568ec4,87,OldSchoolCool,A shave by Axe - 1940,http://i.imgur.com/XBQr28K.jpg,1,5c2b8e2f-ca2f-4994-8985-739b453197cd
1460356322.0,i.imgur.com,4e9kr8,0,60,11f324ac-0eda-4c05-a877-c9ac8b568ec4,14,OldSchoolCool,My father (youngest) and his family in rural Texas. (Late 1960s),http://i.imgur.com/bsLsHFg.jpg,0,5c2b8e2f-ca2f-4994-8985-739b453197cd
1459565083.0,i.imgur.com,4czolb,3,60,11f324ac-0eda-4c05-a877-c9ac8b568ec4,10,OldSchoolCool,"Hanging out with El Duce, 1992",http://i.imgur.com/Bb9nzHn.jpg,1,5c2b8e2f-ca2f-4994-8985-739b453197cd
1459777635.0,imgur.com,4db4nm,3,61,11f324ac-0eda-4c05-a877-c9ac8b568ec4,10,OldSchoolCool,"The Beatles, 1965",http://i.imgur.com/vFiKkic.jpg,0,5c2b8e2f-ca2f-4994-8985-739b453197cd
1460355946.0,i.imgur.com,4e9k59,1,61,11f324ac-0eda-4c05-a877-c9ac8b568ec4,6,OldSchoolCool,"Long Islander stocks up on Rheingold in 1958, in advance of a possible beer shortage expected after 5 major area breweries shut down in disputes with unions.",http://i.imgur.com/7XuIoHg.jpg,1,5c2b8e2f-ca2f-4994-8985-739b453197cd
1460599067.0,imgur.com,4eoyi3,5,62,11f324ac-0eda-4c05-a877-c9ac8b568ec4,62,OldSchoolCool,My Great Grandfather as a baby in 1890 in Oregon,http://i.imgur.com/Fv1wcxJ.jpg,0,5c2b8e2f-ca2f-4994-8985-739b453197cd
1459776068.0,i.imgur.com,4db143,2,62,11f324ac-0eda-4c05-a877-c9ac8b568ec4,28,OldSchoolCool,Moms Nursing School Graduation Picture 1970s,http://i.imgur.com/9J70Buv.jpg,1,5c2b8e2f-ca2f-4994-8985-739b453197cd
1459391701.0,imgur.com,4co4dq,0,63,11f324ac-0eda-4c05-a877-c9ac8b568ec4,13,OldSchoolCool,"Alain Delon in Plein Soleil directed by René Clément, 1960",http://i.imgur.com/cTGL3VC.jpg,0,5c2b8e2f-ca2f-4994-8985-739b453197cd
1460596672.0,imgur.com,4eos81,12,63,11f324ac-0eda-4c05-a877-c9ac8b568ec4,165,OldSchoolCool,"My mom and her two friends. Waterville, Maine 1985. The car's name was Mavis the Maverick.",http://i.imgur.com/susXU69.jpg,1,5c2b8e2f-ca2f-4994-8985-739b453197cd
1460158471.0,imgur.com,4dz0qu,0,64,11f324ac-0eda-4c05-a877-c9ac8b568ec4,1,OldSchoolCool,My mom and dad 1961,http://i.imgur.com/Z6qouYe.jpg,0,5c2b8e2f-ca2f-4994-8985-739b453197cd
1459391436.0,i.imgur.com,4co3rh,3,64,11f324ac-0eda-4c05-a877-c9ac8b568ec4,1,OldSchoolCool,Lee disciplines and Heather Thomas on the set of the 1981 fall guy,http://i.imgur.com/80nxxng.jpg,1,5c2b8e2f-ca2f-4994-8985-739b453197cd
1460509351.0,i.imgur.com,4ej7in,1,65,11f324ac-0eda-4c05-a877-c9ac8b568ec4,12,OldSchoolCool,Road trip. Long Island New York (1963),http://i.imgur.com/YBx3PeE.jpg,0,5c2b8e2f-ca2f-4994-8985-739b453197cd
1460157178.0,imgur.com,4dyxrl,1,65,11f324ac-0eda-4c05-a877-c9ac8b568ec4,15,OldSchoolCool,Natalie Wood- 1950s,http://i.imgur.com/owR3St8.jpg,1,5c2b8e2f-ca2f-4994-8985-739b453197cd
1459197471.0,imgur.com,4cc1ko,3,66,11f324ac-0eda-4c05-a877-c9ac8b568ec4,6,OldSchoolCool,My Great Uncle in 1942 before being deployed,http://i.imgur.com/X0p99EE.jpg,0,5c2b8e2f-ca2f-4994-8985-739b453197cd
1460514063.0,imgur.com,4ejisp,0,66,11f324ac-0eda-4c05-a877-c9ac8b568ec4,5,OldSchoolCool,Steve McQueen - Hollywood Hills - 1963,http://i.imgur.com/g6kJAdG.jpg,1,5c2b8e2f-ca2f-4994-8985-739b453197cd
1459646761.0,imgur.com,4d4aqf,0,67,11f324ac-0eda-4c05-a877-c9ac8b568ec4,1,OldSchoolCool,"The memesters of Cumberland, c.1941",http://i.imgur.com/hroHLHN.png,0,5c2b8e2f-ca2f-4994-8985-739b453197cd
1459197665.0,imgur.com,4cc23h,3,67,11f324ac-0eda-4c05-a877-c9ac8b568ec4,2,OldSchoolCool,My dad (left) with his buddies on their boat in the 80s.,http://i.imgur.com/ZtZWpYg.jpg,1,5c2b8e2f-ca2f-4994-8985-739b453197cd
1459791491.0,i.imgur.com,4dc5nq,1,68,11f324ac-0eda-4c05-a877-c9ac8b568ec4,67,OldSchoolCool,"A woman being tattooed, early 1900s",http://i.imgur.com/Ggl8Xwg.jpg,0,5c2b8e2f-ca2f-4994-8985-739b453197cd
1459644059.0,i.imgur.com,4d44wd,0,68,11f324ac-0eda-4c05-a877-c9ac8b568ec4,2,OldSchoolCool,"Bryan Ferry & Sophie Ward, production still from Roxy Music video ""Avalon"", 1982",http://i.imgur.com/JuDjDWj.jpg,1,5c2b8e2f-ca2f-4994-8985-739b453197cd
1460245738.0,imgur.com,4e3nf4,0,69,11f324ac-0eda-4c05-a877-c9ac8b568ec4,9,OldSchoolCool,Oh look my dad in the 80's,http://i.imgur.com/60HSSXb.jpg,0,5c2b8e2f-ca2f-4994-8985-739b453197cd
1459790528.0,i.imgur.com,4dc31c,2,69,11f324ac-0eda-4c05-a877-c9ac8b568ec4,35,OldSchoolCool,1922 France women in pants,http://i.imgur.com/ykGS9VZ.jpg,1,5c2b8e2f-ca2f-4994-8985-739b453197cd
1459432836.0,imgur.com,4cq4mb,0,70,11f324ac-0eda-4c05-a877-c9ac8b568ec4,5,OldSchoolCool,"Arthur Ashe and Stan Smith, 1969",http://i.imgur.com/BGVZOiR.jpg,0,5c2b8e2f-ca2f-4994-8985-739b453197cd
1460246364.0,imgur.com,4e3ota,8,70,11f324ac-0eda-4c05-a877-c9ac8b568ec4,17,OldSchoolCool,Pictures From Grandpa's Life - Recognize Anyone [~1955],http://i.imgur.com/gooPC.png,1,5c2b8e2f-ca2f-4994-8985-739b453197cd
1460642477.0,i.imgur.com,4er96m,2,71,11f324ac-0eda-4c05-a877-c9ac8b568ec4,8,OldSchoolCool,"My dad and his buddy in South Africa, 1966",http://i.imgur.com/ZU3vYPi.jpg,0,5c2b8e2f-ca2f-4994-8985-739b453197cd
1459431382.0,imgur.com,4cq1ae,1,71,11f324ac-0eda-4c05-a877-c9ac8b568ec4,2,OldSchoolCool,It's nice to google a beauty from a bygone era and find she aged amazingly. I give you Kristine DeBell. Iconic 70s beauty.,http://i.imgur.com/v5yR4nm.jpg,1,5c2b8e2f-ca2f-4994-8985-739b453197cd
1459206139.0,imgur.com,4ccov0,12,72,11f324ac-0eda-4c05-a877-c9ac8b568ec4,44,OldSchoolCool,"I liked that first photo strip, and wanted to share my own. Here are my parents in 1986!",http://i.imgur.com/PLxNRlT.png,0,5c2b8e2f-ca2f-4994-8985-739b453197cd
1460642913.0,imgur.com,4erac3,4,72,11f324ac-0eda-4c05-a877-c9ac8b568ec4,14,OldSchoolCool,Puddle Jumper - 1930s,http://i.imgur.com/Ef84ViU.jpg,1,5c2b8e2f-ca2f-4994-8985-739b453197cd
1459624386.0,i.imgur.com,4d2ul5,2,73,11f324ac-0eda-4c05-a877-c9ac8b568ec4,13,OldSchoolCool,"Lyndon Johnson with long hair, August 1972",http://i.imgur.com/JxIKfdE.jpg,0,5c2b8e2f-ca2f-4994-8985-739b453197cd
1459205734.0,imgur.com,4ccntz,6,73,11f324ac-0eda-4c05-a877-c9ac8b568ec4,26,OldSchoolCool,My Grandparents on their wedding day in 1946.,http://i.imgur.com/HLQqlcC.jpg,1,5c2b8e2f-ca2f-4994-8985-739b453197cd
1459349850.0,i.imgur.com,4cl41i,1,74,11f324ac-0eda-4c05-a877-c9ac8b568ec4,0,OldSchoolCool,"English girl, 1968",http://i.imgur.com/YDauN.jpg,0,5c2b8e2f-ca2f-4994-8985-739b453197cd
1459622376.0,i.imgur.com,4d2pef,0,74,11f324ac-0eda-4c05-a877-c9ac8b568ec4,0,OldSchoolCool,"Rod Stewart, Ian McLagan, and Ronnie Lane, 1970s",http://i.imgur.com/yj4hNiq.jpg,1,5c2b8e2f-ca2f-4994-8985-739b453197cd
1459976093.0,i.imgur.com,4dnqy3,1,75,11f324ac-0eda-4c05-a877-c9ac8b568ec4,30,OldSchoolCool,Merle Haggard as cool as ever. RIP Okie from Muskogee. (1979),http://i.imgur.com/Egr0rh5.jpg,0,5c2b8e2f-ca2f-4994-8985-739b453197cd
1459348912.0,i.imgur.com,4cl1kp,3,75,11f324ac-0eda-4c05-a877-c9ac8b568ec4,8,OldSchoolCool,Cutting down a Redwood by hand - 1920s,http://i.imgur.com/zFRcl5c.jpg,1,5c2b8e2f-ca2f-4994-8985-739b453197cd
1459680580.0,i.imgur.com,4d5rmq,5,76,11f324ac-0eda-4c05-a877-c9ac8b568ec4,21,OldSchoolCool,"Dancers at the Windmill Theater in London, 1940",http://i.imgur.com/s4prIrG.jpg,0,5c2b8e2f-ca2f-4994-8985-739b453197cd
1459975778.0,i.imgur.com,4dnq39,7,76,11f324ac-0eda-4c05-a877-c9ac8b568ec4,89,OldSchoolCool,A negative I found at flea market of a 1940s parade down NYC's 5th Avenue. Oddly beautiful,http://i.imgur.com/K3veUFL.jpg,1,5c2b8e2f-ca2f-4994-8985-739b453197cd
1460307149.0,imgur.com,4e6ij7,3,77,11f324ac-0eda-4c05-a877-c9ac8b568ec4,14,OldSchoolCool,"My cousins, brother and me on our grandparents' South Dakota Farm, circa 1989. My brother is giving the ice-cold stare. I'm...uh...well I was never cool I guess.",http://i.imgur.com/mXGkKyd.jpg,0,5c2b8e2f-ca2f-4994-8985-739b453197cd
1459680198.0,i.imgur.com,4d5r5b,0,77,11f324ac-0eda-4c05-a877-c9ac8b568ec4,1,OldSchoolCool,"Hermitage Class Primary School, around 1940",http://i.imgur.com/aMG6JA3.jpg,1,5c2b8e2f-ca2f-4994-8985-739b453197cd
1460576686.0,imgur.com,4enb27,3,78,11f324ac-0eda-4c05-a877-c9ac8b568ec4,35,OldSchoolCool,Dad taking a selfie - 1972,http://i.imgur.com/zxsfhbb.jpg,0,5c2b8e2f-ca2f-4994-8985-739b453197cd
1460307304.0,imgur.com,4e6iws,0,78,11f324ac-0eda-4c05-a877-c9ac8b568ec4,7,OldSchoolCool,My father around 1942. Guess that's why I like to wear cowboy boots...,http://i.imgur.com/KsFOaqI.jpg,1,5c2b8e2f-ca2f-4994-8985-739b453197cd
1460258218.0,i.imgur.com,4e4d26,4,79,11f324ac-0eda-4c05-a877-c9ac8b568ec4,10,OldSchoolCool,"New York City, 1954, crossing the street.",http://i.imgur.com/BaU1dpC.jpg,0,5c2b8e2f-ca2f-4994-8985-739b453197cd
1460576195.0,imgur.com,4en9mt,0,79,11f324ac-0eda-4c05-a877-c9ac8b568ec4,3,OldSchoolCool,Salvador Dali takes his anteater for a walk in Paris (1969),http://i.imgur.com/e0nwCSY.jpg,1,5c2b8e2f-ca2f-4994-8985-739b453197cd
1460238820.0,i.imgur.com,4e37rb,3,80,11f324ac-0eda-4c05-a877-c9ac8b568ec4,8,OldSchoolCool,My grand father in the 1920s? In the then Republic of China.,http://i.imgur.com/ar3DVF1.jpg,0,5c2b8e2f-ca2f-4994-8985-739b453197cd
1460254862.0,imgur.com,4e46j5,0,80,11f324ac-0eda-4c05-a877-c9ac8b568ec4,43,OldSchoolCool,"Fawzia of Egypt, late 1930s",http://i.imgur.com/Er9w4NP.jpg,1,5c2b8e2f-ca2f-4994-8985-739b453197cd
1460307042.0,i.imgur.com,4e6iai,2,81,11f324ac-0eda-4c05-a877-c9ac8b568ec4,37,OldSchoolCool,My Grandpa around 1950,http://i.imgur.com/FfOgALR.jpg,0,5c2b8e2f-ca2f-4994-8985-739b453197cd
1460243209.0,i.imgur.com,4e3hx0,6,81,11f324ac-0eda-4c05-a877-c9ac8b568ec4,112,OldSchoolCool,My Irish-Canadian great-grandfather and my Quebecois great-grandmother on their wedding day (1907).,http://i.imgur.com/36Zuz6y.jpg,1,5c2b8e2f-ca2f-4994-8985-739b453197cd
1459949381.0,imgur.com,4dlqem,0,82,11f324ac-0eda-4c05-a877-c9ac8b568ec4,1,OldSchoolCool,Mobile swimming pool New York 1960,http://i.imgur.com/sQcK9uI.jpg,0,5c2b8e2f-ca2f-4994-8985-739b453197cd
1460307960.0,i.imgur.com,4e6kl6,5,82,11f324ac-0eda-4c05-a877-c9ac8b568ec4,30,OldSchoolCool,Perfect Timing in 1900.,http://i.imgur.com/hnGD2wU.jpg,1,5c2b8e2f-ca2f-4994-8985-739b453197cd
1459942711.0,i.imgur.com,4dlczh,2,83,11f324ac-0eda-4c05-a877-c9ac8b568ec4,4,OldSchoolCool,fashion of 1970,http://i.imgur.com/klICM50.jpg,0,5c2b8e2f-ca2f-4994-8985-739b453197cd
1459948870.0,imgur.com,4dlp89,0,83,11f324ac-0eda-4c05-a877-c9ac8b568ec4,6,OldSchoolCool,Never Alone is a narrative about Korea and the author and her family's experiences as missionaries during their ten year stay from 1956 to 1966.,http://i.imgur.com/ICx2bxG.jpg,1,5c2b8e2f-ca2f-4994-8985-739b453197cd
1459659332.0,i.imgur.com,4d4z40,2,84,11f324ac-0eda-4c05-a877-c9ac8b568ec4,9,OldSchoolCool,"A little girl opened the laces of her mother's slippers, 1929",http://i.imgur.com/tIXLQcX.jpg,0,5c2b8e2f-ca2f-4994-8985-739b453197cd
1459942401.0,i.imgur.com,4dlchu,17,84,11f324ac-0eda-4c05-a877-c9ac8b568ec4,977,OldSchoolCool,"Happy French girl and her cat, Roubaix, 1958",http://i.imgur.com/aJfgsrp.jpg,1,5c2b8e2f-ca2f-4994-8985-739b453197cd
1460217012.0,imgur.com,4e1qle,0,85,11f324ac-0eda-4c05-a877-c9ac8b568ec4,10,OldSchoolCool,"My grandpa filming at a convention in Detroit, 1970s",http://i.imgur.com/84xptlf.jpg,0,5c2b8e2f-ca2f-4994-8985-739b453197cd
1459656725.0,imgur.com,4d4umc,1,85,11f324ac-0eda-4c05-a877-c9ac8b568ec4,2,OldSchoolCool,Italian footballer Gianni Riviera holding his Ballon d'Or in 1969,http://i.imgur.com/LuVz4Jy.jpg,1,5c2b8e2f-ca2f-4994-8985-739b453197cd
1460647768.0,i.imgur.com,4ernzf,5,86,11f324ac-0eda-4c05-a877-c9ac8b568ec4,45,OldSchoolCool,Woman from the early 1850s,http://i.imgur.com/FYodjK3.jpg,0,5c2b8e2f-ca2f-4994-8985-739b453197cd
1460215990.0,i.imgur.com,4e1o88,1,86,11f324ac-0eda-4c05-a877-c9ac8b568ec4,12,OldSchoolCool,My parents in 1987 at 25,http://i.imgur.com/shNqHRY.jpg,1,5c2b8e2f-ca2f-4994-8985-739b453197cd
1460310612.0,imgur.com,4e6rbz,5,87,11f324ac-0eda-4c05-a877-c9ac8b568ec4,15,OldSchoolCool,"My grandfather meeting the Queen Mother in England, c. 1960s",http://i.imgur.com/2cAAWOt.png,0,5c2b8e2f-ca2f-4994-8985-739b453197cd
1460647730.0,i.imgur.com,4ernvj,8,87,11f324ac-0eda-4c05-a877-c9ac8b568ec4,13,OldSchoolCool,"German couple, ca. 1933",http://i.imgur.com/rcd1UOv.jpg,1,5c2b8e2f-ca2f-4994-8985-739b453197cd
1459388009.0,imgur.com,4cnw3l,0,88,11f324ac-0eda-4c05-a877-c9ac8b568ec4,0,OldSchoolCool,"Mark Hamill as Luke Skywalker (1977). Looks like a pic from ""The Star Wars Hottest Hunks"" calendar.",http://i.imgur.com/KZG1UXM.png,0,5c2b8e2f-ca2f-4994-8985-739b453197cd
1460307880.0,i.imgur.com,4e6kd0,0,88,11f324ac-0eda-4c05-a877-c9ac8b568ec4,14,OldSchoolCool,"Women’s basketball team in Casablanca, 1960",http://i.imgur.com/xGX3kyZ.jpg,1,5c2b8e2f-ca2f-4994-8985-739b453197cd
1459160935.0,imgur.com,4c9mbw,9,89,11f324ac-0eda-4c05-a877-c9ac8b568ec4,104,OldSchoolCool,"2 year old Alan Alda (aka Hawkeye Pierce from M*A*S*H) smoking a pipe, 1938.",http://i.imgur.com/Rl6eEAK.jpg,0,5c2b8e2f-ca2f-4994-8985-739b453197cd
1459388400.0,i.imgur.com,4cnwzy,0,89,11f324ac-0eda-4c05-a877-c9ac8b568ec4,0,OldSchoolCool,Syd Barrett and his kitties. 1969,http://i.imgur.com/L6D3vsY.jpg,1,5c2b8e2f-ca2f-4994-8985-739b453197cd
1459629200.0,imgur.com,4d36hx,0,90,11f324ac-0eda-4c05-a877-c9ac8b568ec4,4,OldSchoolCool,My mum and her friends in the late 1970s,http://i.imgur.com/RcS3cKj.jpg,0,5c2b8e2f-ca2f-4994-8985-739b453197cd
1459158135.0,m.imgur.com,4c9iiv,1,90,11f324ac-0eda-4c05-a877-c9ac8b568ec4,2,OldSchoolCool,"Street of a suburb in Sydney, 1955",http://i.imgur.com/8FuiPOI.jpg,1,5c2b8e2f-ca2f-4994-8985-739b453197cd
1460562752.0,i.imgur.com,4em6tm,1,91,11f324ac-0eda-4c05-a877-c9ac8b568ec4,14,OldSchoolCool,"My Grandfather, in the Italian Cavalry (1932)",http://i.imgur.com/bFE6H5A.jpg,0,5c2b8e2f-ca2f-4994-8985-739b453197cd
1459629679.0,imgur.com,4d37of,7,91,11f324ac-0eda-4c05-a877-c9ac8b568ec4,63,OldSchoolCool,"My dad turned 65 today, here's him circa 1974",http://i.imgur.com/5tHtY7k.jpg,1,5c2b8e2f-ca2f-4994-8985-739b453197cd
1459768414.0,i.imgur.com,4dam2k,5,92,11f324ac-0eda-4c05-a877-c9ac8b568ec4,22,OldSchoolCool,Raquel Welch from the 1966 movie One Million Years B.C. [xpost /r/geekboners],http://i.imgur.com/JprUqTK.jpg,0,5c2b8e2f-ca2f-4994-8985-739b453197cd
1460563053.0,i.imgur.com,4em7mf,0,92,11f324ac-0eda-4c05-a877-c9ac8b568ec4,3,OldSchoolCool,David Bowie holding his 40th birthday cake (1987),http://i.imgur.com/ryiIdvk.jpg,1,5c2b8e2f-ca2f-4994-8985-739b453197cd
1460486195.0,i.imgur.com,4ehhgf,5,93,11f324ac-0eda-4c05-a877-c9ac8b568ec4,9,OldSchoolCool,"Didier Hanson. American beauty Jeanette Loff (1906-1942) made her film debut in Uncle Tom's Cabin (Harry A. Pollard, 1927)",http://i.imgur.com/a5KrViA.jpg,0,5c2b8e2f-ca2f-4994-8985-739b453197cd
1459767403.0,i.imgur.com,4dake3,5,93,11f324ac-0eda-4c05-a877-c9ac8b568ec4,28,OldSchoolCool,"Debbie Harry, Who Will Turn 70 on July 1st, in 1976",http://i.imgur.com/jIzk4T9.jpg,1,5c2b8e2f-ca2f-4994-8985-739b453197cd
1459826987.0,imgur.com,4depff,0,94,11f324ac-0eda-4c05-a877-c9ac8b568ec4,13,OldSchoolCool,Miles Davis and Stevie Wonder (1970s),http://i.imgur.com/k1rEad5.jpg,0,5c2b8e2f-ca2f-4994-8985-739b453197cd
1460485213.0,i.imgur.com,4ehemu,1,94,11f324ac-0eda-4c05-a877-c9ac8b568ec4,13,OldSchoolCool,American Beauty 1910,http://i.imgur.com/CGLekZ5.jpg,1,5c2b8e2f-ca2f-4994-8985-739b453197cd
1459707283.0,i.imgur.com,4d77ia,4,95,11f324ac-0eda-4c05-a877-c9ac8b568ec4,26,OldSchoolCool,"My grandpa (middle, bottom row), early 1930s. I love everything about this photo.",http://i.imgur.com/0XMrQKz.jpg,0,5c2b8e2f-ca2f-4994-8985-739b453197cd
1459824530.0,imgur.com,4dek2e,5,95,11f324ac-0eda-4c05-a877-c9ac8b568ec4,8,OldSchoolCool,My grandparents (on the left) c. 1943/44.,http://i.imgur.com/T80cEWz.jpg,1,5c2b8e2f-ca2f-4994-8985-739b453197cd
1460179717.0,i.imgur.com,4e0604,1,96,11f324ac-0eda-4c05-a877-c9ac8b568ec4,39,OldSchoolCool,Dusty Hill and Billy Gibbons of ZZ Top performing in Connecticut - 1975,http://i.imgur.com/I1OSOg8.jpg,0,5c2b8e2f-ca2f-4994-8985-739b453197cd
1459706210.0,imgur.com,4d74r3,0,96,11f324ac-0eda-4c05-a877-c9ac8b568ec4,19,OldSchoolCool,"Winona and Christian, Heathers (1988)",http://i.imgur.com/Lmb4ck7.jpg,1,5c2b8e2f-ca2f-4994-8985-739b453197cd
1459538419.0,i.imgur.com,4cxi8s,4,97,11f324ac-0eda-4c05-a877-c9ac8b568ec4,62,OldSchoolCool,"Bettie Page: 1950s Badgirl ""BangBang""",http://i.imgur.com/BAhLk1i.jpg,0,5c2b8e2f-ca2f-4994-8985-739b453197cd
1460180961.0,i.imgur.com,4e07wy,630,97,11f324ac-0eda-4c05-a877-c9ac8b568ec4,4628,OldSchoolCool,"My mother in 1987, China",http://i.imgur.com/tA4IPV3.jpg,1,5c2b8e2f-ca2f-4994-8985-739b453197cd
1459339058.0,i.imgur.com,4ckfju,2,98,11f324ac-0eda-4c05-a877-c9ac8b568ec4,6,OldSchoolCool,"Hippies at Woodstock, 1969",http://i.imgur.com/knFCLVL.jpg,0,5c2b8e2f-ca2f-4994-8985-739b453197cd
1459537603.0,i.imgur.com,4cxfa4,4,98,11f324ac-0eda-4c05-a877-c9ac8b568ec4,9,OldSchoolCool,"Jane Wiedlin, Because some of us prefer brunettes. 1980",http://i.imgur.com/0BFGykK.jpg,1,5c2b8e2f-ca2f-4994-8985-739b453197cd
1460310798.0,imgur.com,4e6rtv,0,99,11f324ac-0eda-4c05-a877-c9ac8b568ec4,0,OldSchoolCool,"My mom in her mid 30's| 90s, China",http://i.imgur.com/q7T7rkO.jpg,0,5c2b8e2f-ca2f-4994-8985-739b453197cd
1459341552.0,i.imgur.com,4ckkdl,1,99,11f324ac-0eda-4c05-a877-c9ac8b568ec4,28,OldSchoolCool,"Anna May Wong Was The First Chinese American Movie Star, And The First Asian American Actress To Gain International Recognition, 1920s",http://i.imgur.com/O9tWG1l.jpg,1,5c2b8e2f-ca2f-4994-8985-739b453197cd
