domain,subreddit,id,score,title,num_comments,url,created,month,year,year_month,question_id,quiz_id,fixed_url
i.imgur.com,EarthPorn,345rje,1,"Sylvan Lake, Canada. Took it a few years back.",1,http://www.imgur.com/2OoXY.png,1430233120,4,2015,2015_4,0,4276760,http://www.imgur.com/2OoXY.png
i.imgur.com,EarthPorn,33a5b9,3,"Benbulbin, Ireland [x-post from /r/Damnthatsinteresting] [1050x1436]",1,http://www.imgur.com/79iQdyY.png,1429565545,4,2015,2015_4,0,4276760,http://www.imgur.com/79iQdyY.png
imgur.com,EarthPorn,2pwt9k,1,Reflections at Luray Caverns,1,http://www.imgur.com/Mq5apnO.png,1419106211,12,2014,2014_12,1,4276760,http://www.imgur.com/Mq5apnO.png
i.imgur.com,EarthPorn,2qm6hi,92,Cirrocumulus Chicago Christmas.[OC][5372X2940],8,http://www.imgur.com/a1zqlc2.png,1419773468,12,2014,2014_12,1,4276760,http://www.imgur.com/a1zqlc2.png
i.imgur.com,EarthPorn,2kln8x,1,Colorado Beauty [1080*720] [OC],0,http://www.imgur.com/ePlCcOu.png,1414525965,10,2014,2014_10,2,4276760,http://www.imgur.com/ePlCcOu.png
i.imgur.com,EarthPorn,2jn3ys,1,Wisconsin can be so beautiful this time of year.,1,http://www.imgur.com/ePK5g6H.png,1413669554,10,2014,2014_10,2,4276760,http://www.imgur.com/ePK5g6H.png
i.imgur.com,EarthPorn,3f66ku,5185,"I walked 16 miles through The Narrows at Zion National Park, UT a few weeks ago. This was my favorite picture(cellphone). [OC][3693x2592]",443,http://www.imgur.com/BuYr8iB.png,1438270713,7,2015,2015_7,3,4276760,http://www.imgur.com/BuYr8iB.png
i.imgur.com,EarthPorn,3eme6s,3458,"Big Sur, California [3110x2073] [OC]",148,http://www.imgur.com/cyqvzSO.png,1437877698,7,2015,2015_7,3,4276760,http://www.imgur.com/cyqvzSO.png
i.imgur.com,EarthPorn,26pfk1,1,"Rainbow and Thunderstorm in Norfolk, Colorado by Victor Gensini [2400x2961]",1,http://www.imgur.com/s4eurZ6.png,1401297663,5,2014,2014_5,4,4276760,http://www.imgur.com/s4eurZ6.png
imgur.com,EarthPorn,26j7ku,1,Most amazing hike of my life! Nov.2013 Milford Track New Zealand Taken with my iPhone,1,http://www.imgur.com/IsfAcs1.png,1401124180,5,2014,2014_5,4,4276760,http://www.imgur.com/IsfAcs1.png
i.imgur.com,EarthPorn,1x02m9,188,"Allgäu, a region in the deep south of Germany [2560x1920]",5,http://www.imgur.com/K92Mdg1.png,1391536156,2,2014,2014_2,5,4276760,http://www.imgur.com/K92Mdg1.png
imgur.com,EarthPorn,1wzotm,27,"Coron, Palawan, Philippines [2894x1922]",1,http://www.imgur.com/9w6Fnsp.png,1391528018,2,2014,2014_2,5,4276760,http://www.imgur.com/9w6Fnsp.png
i.imgur.com,EarthPorn,3aklhz,1,I also had the chance to visit Antelope Canyon. It was the single best photo I've ever taken.,2,http://www.imgur.com/fBS1Cvm.png,1434855602,6,2015,2015_6,6,4276760,http://www.imgur.com/fBS1Cvm.png
i.imgur.com,EarthPorn,38jg56,45,"Echo Lake - 1 hr from Denver, CO - 5/25/15 (x-post from /r/colorado)",5,http://www.imgur.com/WbYxHTq.png,1433437150,6,2015,2015_6,6,4276760,http://www.imgur.com/WbYxHTq.png
i.imgur.com,EarthPorn,26pfk1,1,"Rainbow and Thunderstorm in Norfolk, Colorado by Victor Gensini [2400x2961]",1,http://www.imgur.com/s4eurZ6.png,1401297663,5,2014,2014_5,7,4276760,http://www.imgur.com/s4eurZ6.png
i.imgur.com,EarthPorn,24grhf,51,Sunrise over the ancient city of Bagan - Myanmar [2048x1363],2,http://www.imgur.com/QgaUKXl.png,1398964532,5,2014,2014_5,7,4276760,http://www.imgur.com/QgaUKXl.png
i.imgur.com,EarthPorn,37m3n7,1,"Our Home; Earth, Space [3900x3900| OS | Apollo 13]",1,http://www.imgur.com/KQBWQw7.png,1432832133,5,2015,2015_5,8,4276760,http://www.imgur.com/KQBWQw7.png
i.imgur.com,EarthPorn,34lftk,1,"Smiths Rock, Bend, OR",2,http://www.imgur.com/ZYEuJz1.png,1430546369,5,2015,2015_5,8,4276760,http://www.imgur.com/ZYEuJz1.png
i.imgur.com,EarthPorn,2l39c9,5288,"Had to check out these trees myself. Boardman, OR [OC] [2048x1379]",421,http://www.imgur.com/XxMKKi1.png,1414958511,11,2014,2014_11,9,4276760,http://www.imgur.com/XxMKKi1.png
i.imgur.com,EarthPorn,2n73be,1,Beautiful mountain at night,1,http://www.imgur.com/uqMzxuX.png,1416776263,11,2014,2014_11,9,4276760,http://www.imgur.com/uqMzxuX.png
imgur.com,EarthPorn,39qz1y,12,Beautiful mountainside with dog relaxing [720x540],2,http://www.imgur.com/ukH4Yxr.png,1434233638,6,2015,2015_6,10,4276760,http://www.imgur.com/ukH4Yxr.png
i.imgur.com,EarthPorn,39przt,3051,"A view I captured yesterday on my hike to Pololu, HI [1200 x 1600]",72,http://www.imgur.com/EAcRgDu.png,1434210801,6,2015,2015_6,10,4276760,http://www.imgur.com/EAcRgDu.png
i.imgur.com,EarthPorn,2ez9oz,2,"Town of Volda, Norway[3086x1747](credit to /u/lalybay for taking an amazing picture)",1,http://www.imgur.com/wwHJsum.png,1409370492,8,2014,2014_8,11,4276760,http://www.imgur.com/wwHJsum.png
i.imgur.com,EarthPorn,2e7evd,26,"[OC] I am pretty proud of this one, Shell Beach CA [3513x1996]",5,http://www.imgur.com/nzPvcKc.png,1408651173,8,2014,2014_8,11,4276760,http://www.imgur.com/nzPvcKc.png
i.imgur.com,EarthPorn,1xw3t6,1,"Lofsdalen, Sweden (my skiing trip)",1,http://www.imgur.com/mhLGM5N.png,1392380259,2,2014,2014_2,12,4276760,http://www.imgur.com/mhLGM5N.png
imgur.com,EarthPorn,1x1n6b,1,Grizzly bears chasing a salmon in BC Canada,1,http://www.imgur.com/3vaSzeg.png,1391568060,2,2014,2014_2,12,4276760,http://www.imgur.com/3vaSzeg.png
imgur.com,EarthPorn,1zthyc,1,Amazing Nature Shot of a Mountain,1,http://www.imgur.com/wRi9LLM.png,1394210460,3,2014,2014_3,13,4276760,http://www.imgur.com/wRi9LLM.png
i.imgur.com,EarthPorn,207etj,13,The beautiful Alaska [2048x1231],5,http://www.imgur.com/FjOR9kX.png,1394599999,3,2014,2014_3,13,4276760,http://www.imgur.com/FjOR9kX.png
i.imgur.com,EarthPorn,2otjea,2232,"Winter Night Sky in Rocky Mountain National Park, CO [4000x6000] [OC]",78,http://www.imgur.com/Pd5IGDq.png,1418176929,12,2014,2014_12,14,4276760,http://www.imgur.com/Pd5IGDq.png
i.imgur.com,EarthPorn,2o9i2a,173,Lower Yosemite falls in the rain [2432x4320],5,http://www.imgur.com/RZNOig1.png,1417705096,12,2014,2014_12,14,4276760,http://www.imgur.com/RZNOig1.png
i.imgur.com,EarthPorn,20m27p,1,"My gf in Lima, Peru",1,http://www.imgur.com/CL0CDF5.png,1395037072,3,2014,2014_3,15,4276760,http://www.imgur.com/CL0CDF5.png
i.imgur.com,EarthPorn,21oldd,10,"Pender Island, B.C Canada. [3715x2089]",2,http://www.imgur.com/MeN3AN1.png,1396117646,3,2014,2014_3,15,4276760,http://www.imgur.com/MeN3AN1.png
imgur.com,EarthPorn,1weom8,2,Monday's Sunrise 28-1-14,1,http://www.imgur.com/VmpwVuW.png,1390946815,1,2014,2014_1,16,4276760,http://www.imgur.com/VmpwVuW.png
i.imgur.com,EarthPorn,1uoaz3,1,asd,0,http://www.imgur.com/FkySxlN.png,1389145852,1,2014,2014_1,16,4276760,http://www.imgur.com/FkySxlN.png
i.imgur.com,EarthPorn,2jg1ki,3,"Breathtaking sunset at Kannapali Beach, Maui, Hawaii [OC] [960 x 640] (x-post from seaporn)",1,http://www.imgur.com/VFdmFSe.png,1413487256,10,2014,2014_10,17,4276760,http://www.imgur.com/VFdmFSe.png
i.imgur.com,EarthPorn,2kmhsc,43,"[OC] Endless pine barrens, from the Apple Pie Hill fire tower in New Jersey [2819 x 1800]",3,http://www.imgur.com/jwoP4wr.png,1414541015,10,2014,2014_10,17,4276760,http://www.imgur.com/jwoP4wr.png
i.imgur.com,EarthPorn,2009t2,2923,"Truk, Micronesia [1920x1080]",227,http://www.imgur.com/SJKRQhK.png,1394411385,3,2014,2014_3,18,4276760,http://www.imgur.com/SJKRQhK.png
i.imgur.com,EarthPorn,20h4wz,3590,"Grand Canyon, Arizona [1920x1440]",158,http://www.imgur.com/dV3PFYf.png,1394884618,3,2014,2014_3,18,4276760,http://www.imgur.com/dV3PFYf.png
imgur.com,EarthPorn,299pcb,1,Sunrise from the ISS while above Australia,2,http://www.imgur.com/WkJ628z.png,1403904118,6,2014,2014_6,19,4276760,http://www.imgur.com/WkJ628z.png
i.imgur.com,EarthPorn,272abr,1,Walking through the forest when suddenly....,1,http://www.imgur.com/kV6AtxM.png,1401665697,6,2014,2014_6,19,4276760,http://www.imgur.com/kV6AtxM.png
i.imgur.com,EarthPorn,2m434k,1,"[OC] Sunrise at Old Woman Creek, Lake Erie, Ohio [1800x1192]",2,http://www.imgur.com/69i2kLA.png,1415827940,11,2014,2014_11,20,4276760,http://www.imgur.com/69i2kLA.png
i.imgur.com,EarthPorn,2mnlry,1,"Praia Do Amado, Portugal [OC] [4320 × 2191]",0,http://www.imgur.com/g73C18s.png,1416308575,11,2014,2014_11,20,4276760,http://www.imgur.com/g73C18s.png
imgur.com,EarthPorn,2iv9lr,4437,"Storm cell over Prescott, AZ Taken by Robert Larson [1800x1013]",339,http://www.imgur.com/Vhl0AEV.png,1412958859,10,2014,2014_10,21,4276760,http://www.imgur.com/Vhl0AEV.png
imgur.com,EarthPorn,2i36i9,0,What a view,1,http://www.imgur.com/aaHqhcz.png,1412260099,10,2014,2014_10,21,4276760,http://www.imgur.com/aaHqhcz.png
i.imgur.com,EarthPorn,29q3ca,2,"Pitztal, Tyrol | Austria, during sunset. [2448x1050] [OC]",2,http://www.imgur.com/mrvyIyO.png,1404373490,7,2014,2014_7,22,4276760,http://www.imgur.com/mrvyIyO.png
i.imgur.com,EarthPorn,2a564m,1,"Lake Natron, Tanzania. Its waters are colored a deep red due to the photosynthesizing pigment of bacteria thriving in the salty waters, while salt crusts float on the surface. [1920x1080] photo by Gerry Ellis",0,http://www.imgur.com/qT773bw.png,1404827872,7,2014,2014_7,22,4276760,http://www.imgur.com/qT773bw.png
i.imgur.com,EarthPorn,35zp3v,1,Another different approach. Abiqua Falls. [6000 x 4000] [OC],0,http://www.imgur.com/LAESyS5.png,1431642648,5,2015,2015_5,23,4276760,http://www.imgur.com/LAESyS5.png
i.imgur.com,EarthPorn,37oeij,1,"Cape Cod Summer Sunset on Cape Cod Bay (Brewster, MA)",1,http://www.imgur.com/PiLcx.png,1432869521,5,2015,2015_5,23,4276760,http://www.imgur.com/PiLcx.png
i.imgur.com,EarthPorn,2uzan0,3765,Frozen tree on the shore of Lake Superior in Minnesota. [OC] [5184X3456],143,http://www.imgur.com/pK4QW8b.png,1423227513,2,2015,2015_2,24,4276760,http://www.imgur.com/pK4QW8b.png
i.imgur.com,EarthPorn,2ue7u3,1097,"Taumatawhakatangihangakoauauotamateaturipukakapikimaungahoronukupokaiwhenuakitanatahu, New Zealand. (600x450)",169,http://www.imgur.com/UfRkBen.png,1422782777,2,2015,2015_2,24,4276760,http://www.imgur.com/UfRkBen.png
i.imgur.com,EarthPorn,2qez9a,1,Hungarian Wilds,2,http://www.imgur.com/iAgdW.png,1419564475,12,2014,2014_12,25,4276760,http://www.imgur.com/iAgdW.png
i.imgur.com,EarthPorn,2ps2pq,1,"A very scenic place for a swim (Roški Slap, Croatia) [OC] [3648 × 2697]",0,http://www.imgur.com/tlNO50u.png,1418988233,12,2014,2014_12,25,4276760,http://www.imgur.com/tlNO50u.png
i.imgur.com,EarthPorn,2yp7hj,4790,Newest island in the world: formed by underwater volcano Hunga Tonga [2500x2500],629,http://www.imgur.com/tA5S7ij.png,1426095958,3,2015,2015_3,26,4276760,http://www.imgur.com/tA5S7ij.png
imgur.com,EarthPorn,2zgagz,1,"[OC] Last night Polar Lights in Westerland, The Netherlands.",1,http://www.imgur.com/REDJvYw.png,1426672568,3,2015,2015_3,26,4276760,http://www.imgur.com/REDJvYw.png
i.imgur.com,EarthPorn,204dzr,3765,"Mt. Thor - Baffin Island, Canada - Largest Vertical Drop on Earth (4,101 ft) [1024x685]",282,http://www.imgur.com/9ip1arQ.png,1394521862,3,2014,2014_3,27,4276760,http://www.imgur.com/9ip1arQ.png
imgur.com,EarthPorn,1zthyc,1,Amazing Nature Shot of a Mountain,1,http://www.imgur.com/wRi9LLM.png,1394210460,3,2014,2014_3,27,4276760,http://www.imgur.com/wRi9LLM.png
i.imgur.com,EarthPorn,3hcz1g,52,"Early morning at Glacier Creek in Rocky Mountain National Park, Colorado [5968x3979] [OC]",0,http://www.imgur.com/z8y3UUz.png,1439844237,8,2015,2015_8,28,4276760,http://www.imgur.com/z8y3UUz.png
i.imgur.com,EarthPorn,3iubuw,4583,Oregon's Mt. Jefferson [OC] 3451x5176,338,http://www.imgur.com/W2Cx8Mb.png,1440853969,8,2015,2015_8,28,4276760,http://www.imgur.com/W2Cx8Mb.png
i.imgur.com,EarthPorn,3px7pd,6,"Sunset on Roan Mountain, Tennessee [OC][17452x3063]",0,http://www.imgur.com/zYxI2OH.png,1445616949,10,2015,2015_10,29,4276760,http://www.imgur.com/zYxI2OH.png
i.imgur.com,EarthPorn,3otpz0,15,Lightning in Southern California [1023x773],3,http://www.imgur.com/ACaMYmB.png,1444889386,10,2015,2015_10,29,4276760,http://www.imgur.com/ACaMYmB.png
i.imgur.com,EarthPorn,3hueoa,1,This Beautiful Beach [606 x 403],1,http://www.imgur.com/jJDjc8F.png,1440162271,8,2015,2015_8,30,4276760,http://www.imgur.com/jJDjc8F.png
imgur.com,EarthPorn,3gk62r,5,"Such a Beautiful Place to Visit. Glacier National Park, MT. [960x720][OC]",0,http://www.imgur.com/gQniDzE.png,1439271771,8,2015,2015_8,30,4276760,http://www.imgur.com/gQniDzE.png
i.imgur.com,EarthPorn,1yktpb,5,"Richardson Highway, Alaska [OC] [OS] [4608 x 3072]",6,http://www.imgur.com/tKNRTZq.png,1393024582,2,2014,2014_2,31,4276760,http://www.imgur.com/tKNRTZq.png
i.imgur.com,EarthPorn,1wp2d6,1,"Out of control fire in the bush, Wattle Flat Australia",1,http://www.imgur.com/XjRKuAa.png,1391219862,2,2014,2014_2,31,4276760,http://www.imgur.com/XjRKuAa.png
i.imgur.com,EarthPorn,392g42,6,Morning at Herbert Lake in Banff National Park [6256x2480][OC],0,http://www.imgur.com/IE4gZvf.png,1433792488,6,2015,2015_6,32,4276760,http://www.imgur.com/IE4gZvf.png
i.imgur.com,EarthPorn,3995vy,15,"You wouldn't know it, but it was raining on the hike up. Lake Blanche today. [OC] [6719 x 3088]",2,http://www.imgur.com/EWHld0R.png,1433908512,6,2015,2015_6,32,4276760,http://www.imgur.com/EWHld0R.png
i.imgur.com,EarthPorn,2glkul,14,"Fremont, California [OC] [5010 × 3324]",5,http://www.imgur.com/Ktw0W4a.png,1410903029,9,2014,2014_9,33,4276760,http://www.imgur.com/Ktw0W4a.png
i.imgur.com,EarthPorn,2fbj6i,1,"A bit dark, but one of the best photos I've ever taken [White Salmon, WA]",2,http://www.imgur.com/qcHoW2G.png,1409714806,9,2014,2014_9,33,4276760,http://www.imgur.com/qcHoW2G.png
i.imgur.com,EarthPorn,24g2xh,259,"Glacier national park, Montana [2239x1493]",9,http://www.imgur.com/poKTTTq.png,1398945150,5,2014,2014_5,34,4276760,http://www.imgur.com/poKTTTq.png
i.imgur.com,EarthPorn,266qmt,36,"Cliffs at sunrise in Santa Cruz, CA - Patrick Bremser [580X960]",5,http://www.imgur.com/yLxkIla.png,1400737023,5,2014,2014_5,34,4276760,http://www.imgur.com/yLxkIla.png
i.imgur.com,EarthPorn,1v3e7a,271,"Lake Sorvagsvatn, found in the Faroe Islands [800 x 1200]",6,http://www.imgur.com/KHkYAuT.png,1389598300,1,2014,2014_1,35,4276760,http://www.imgur.com/KHkYAuT.png
imgur.com,EarthPorn,1vd24e,14,"First ever portrait of a Giant Redwood-how many people can you spot? A composite of 84 photos of this 1,500 year old, 300+ ft tree, from NatGeo. [528x 1903] [x-post /r/everythingscience]",8,http://www.imgur.com/9X8Zs1r.png,1389882391,1,2014,2014_1,35,4276760,http://www.imgur.com/9X8Zs1r.png
imgur.com,EarthPorn,2u8h16,0,"Auburndale, Florida Christmas Evening 2014 [3609x2400] [OC] xpost /r/pics",1,http://www.imgur.com/1EgNKtA.png,1422650403,1,2015,2015_1,36,4276760,http://www.imgur.com/1EgNKtA.png
i.imgur.com,EarthPorn,2rqh0z,2,"A fantastic spot to film Pirates of the Caribbean (Loch Ard Gorge, Australia) [OC] [4320 × 2992]",1,http://www.imgur.com/xSjCj82.png,1420716924,1,2015,2015_1,36,4276760,http://www.imgur.com/xSjCj82.png
i.imgur.com,EarthPorn,3eg37w,13,Herbert Lake in Banff National Park by sshaw [4272x2848] (x-post from /r/Travel_HD),2,http://www.imgur.com/VI8dBMk.png,1437746985,7,2015,2015_7,37,4276760,http://www.imgur.com/VI8dBMk.png
i.imgur.com,EarthPorn,3ddcup,49,"Mount Rainier and Eunice Lake, Mount Rainier National Park, Washington [1200 x 900][OC]",1,http://www.imgur.com/oq637Ys.png,1436960002,7,2015,2015_7,37,4276760,http://www.imgur.com/oq637Ys.png
i.imgur.com,EarthPorn,35ghjn,11,"Across the road from Checkerboard Mesa, Zion NP [OC][1632x1224]",0,http://www.imgur.com/l4W59a5.png,1431227155,5,2015,2015_5,38,4276760,http://www.imgur.com/l4W59a5.png
i.imgur.com,EarthPorn,34xgib,3639,"Melchior Islands, Antarctica [1919x818 | Kalle Ljung]",62,http://www.imgur.com/mqNCMnZ.png,1430823985,5,2015,2015_5,38,4276760,http://www.imgur.com/mqNCMnZ.png
imgur.com,EarthPorn,2jzp7c,1492,"The Lena Delta, Siberia, Russia [3100 x 3100] (Satellite Photograph)",32,http://www.imgur.com/De3OEqr.png,1413985326,10,2014,2014_10,39,4276760,http://www.imgur.com/De3OEqr.png
i.imgur.com,EarthPorn,2iozvu,12,"Little Duck River Tennessee,"" at the break of fall"" (OC) [4634x3264]",1,http://www.imgur.com/87L8Hda.png,1412803383,10,2014,2014_10,39,4276760,http://www.imgur.com/87L8Hda.png
i.imgur.com,EarthPorn,2uqek2,2,"In addition to the tam coc photo, tam coc from above. the steps up there nearly killed me..",1,http://www.imgur.com/5CJGmVd.png,1423033715,2,2015,2015_2,40,4276760,http://www.imgur.com/5CJGmVd.png
i.imgur.com,EarthPorn,2xdgcm,1,"Cake Day OC: Foggy morning Eagle Creek, Oregon",1,http://www.imgur.com/D9lqmy4.png,1425059538,2,2015,2015_2,40,4276760,http://www.imgur.com/D9lqmy4.png
i.imgur.com,EarthPorn,264h4d,2,"Three Chutes Falls, Yosemite National Park [2048 x 1536] [OC]",0,http://www.imgur.com/TmeD806.png,1400684697,5,2014,2014_5,41,4276760,http://www.imgur.com/TmeD806.png
i.imgur.com,EarthPorn,26pfk1,1,"Rainbow and Thunderstorm in Norfolk, Colorado by Victor Gensini [2400x2961]",1,http://www.imgur.com/s4eurZ6.png,1401297663,5,2014,2014_5,41,4276760,http://www.imgur.com/s4eurZ6.png
i.imgur.com,EarthPorn,3sma2z,1,"Over at r/whatisthisthing we've narrowed this critter down to a mink, beaver, muskrat, otter, weasel, or raccoon. In any case, it was swimming its way across a lake in Nova Scotia. [OC] [6000x4000]",1,http://www.imgur.com/pmLqTYW.png,1447384201,11,2015,2015_11,42,4276760,http://www.imgur.com/pmLqTYW.png
imgur.com,EarthPorn,3t73o2,155,"Hiking in Killarney Provincial Park - Ontario, Canada [2436 × 3264] [OC]",11,http://www.imgur.com/FvCZ6ZS.png,1447789300,11,2015,2015_11,42,4276760,http://www.imgur.com/FvCZ6ZS.png
i.imgur.com,EarthPorn,2wke77,2,Crater Lake Oregon 3648 x 2736,2,http://www.imgur.com/6Al5dgi.png,1424453188,2,2015,2015_2,43,4276760,http://www.imgur.com/6Al5dgi.png
i.imgur.com,EarthPorn,2v8tjm,4246,"Someone mentioned we need more New Zealand photos, so here's one I took at Lake Matheson near Fox Glacier at sunrise. [OC] [4306x2866]",173,http://www.imgur.com/QmDK5IY.png,1423440394,2,2015,2015_2,43,4276760,http://www.imgur.com/QmDK5IY.png
i.imgur.com,EarthPorn,299t8f,2901,Enormous underwater plateau - Island of Mauritius - by Michael Friedel [2420x1815],232,http://www.imgur.com/Ou3gEtt.png,1403906476,6,2014,2014_6,44,4276760,http://www.imgur.com/Ou3gEtt.png
imgur.com,EarthPorn,27lrtk,3832,"Set up tents in fog down to 10m. Woke up to this. Machhapuchchhre (Annapurna Range), Nepal [4000x3000][OC]",159,http://www.imgur.com/DRBOgS8.png,1402214078,6,2014,2014_6,44,4276760,http://www.imgur.com/DRBOgS8.png
i.imgur.com,EarthPorn,2jbiev,16,"Lyth Valley, the Lake District, UK [2560x1440] [OC]",0,http://www.imgur.com/RlqgGRS.png,1413386624,10,2014,2014_10,45,4276760,http://www.imgur.com/RlqgGRS.png
i.imgur.com,EarthPorn,2jqu33,1,"Trinity Alps at Twilight [7,360x3,410",0,http://www.imgur.com/f9GsjIs.png,1413769415,10,2014,2014_10,45,4276760,http://www.imgur.com/f9GsjIs.png
i.imgur.com,EarthPorn,262ub6,2,Amazing Water flowing through beautiful stones,1,http://www.imgur.com/JD5IEai.png,1400632504,5,2014,2014_5,46,4276760,http://www.imgur.com/JD5IEai.png
i.imgur.com,EarthPorn,26qwox,2,Dirty Nature,1,http://www.imgur.com/RUkS0p8.png,1401325390,5,2014,2014_5,46,4276760,http://www.imgur.com/RUkS0p8.png
imgur.com,EarthPorn,2mdu4j,1510,Grand Tetons from Idaho side. [890x763] photo by Rich Hunter,52,http://www.imgur.com/kCe1N7o.png,1416065287,11,2014,2014_11,47,4276760,http://www.imgur.com/kCe1N7o.png
i.imgur.com,EarthPorn,2lxitm,4829,"A beautiful little spot on the lake in Madison, WI [OC][4308x2871]",672,http://www.imgur.com/KjP1n1M.png,1415677433,11,2014,2014_11,47,4276760,http://www.imgur.com/KjP1n1M.png
i.imgur.com,EarthPorn,2m434k,1,"[OC] Sunrise at Old Woman Creek, Lake Erie, Ohio [1800x1192]",2,http://www.imgur.com/69i2kLA.png,1415827940,11,2014,2014_11,48,4276760,http://www.imgur.com/69i2kLA.png
imgur.com,EarthPorn,2luly3,3654,"Foothills of the Grand Muveran, Switzerland [OC] [4000x2672]",91,http://www.imgur.com/fCeqoIJ.png,1415617468,11,2014,2014_11,48,4276760,http://www.imgur.com/fCeqoIJ.png
i.imgur.com,EarthPorn,2f5ec8,3,"Kitt Peak Road, Arizona. [OC] [1365x2048]",1,http://www.imgur.com/ZEE51CW.png,1409553745,9,2014,2014_9,49,4276760,http://www.imgur.com/ZEE51CW.png
i.imgur.com,EarthPorn,2guz4q,3,"What a crashing wave looks like from above, Manly Beach, Sydney, Australia (1000x648px) By Remy Gerega",1,http://www.imgur.com/givzgxQ.png,1411134378,9,2014,2014_9,49,4276760,http://www.imgur.com/givzgxQ.png
i.imgur.com,EarthPorn,3hs67v,13,The Smoky Mountains in Tennessee [OC] [5184x3456],2,http://www.imgur.com/P3X2MKG.png,1440113210,8,2015,2015_8,0,7077563,http://www.imgur.com/P3X2MKG.png
i.imgur.com,EarthPorn,3fubbi,1,"Sunset at Francois Peron National Park, Shark Bay, Western Australia. [OC] [3110x2073]",0,http://www.imgur.com/QcRYydO.png,1438752222,8,2015,2015_8,0,7077563,http://www.imgur.com/QcRYydO.png
i.imgur.com,EarthPorn,2xah5x,10,"Got this sunset shot in January. Yosemite, CA, Galaxy S5 [5312x2988]",1,http://www.imgur.com/PIHLtla.png,1424993693,2,2015,2015_2,1,7077563,http://www.imgur.com/PIHLtla.png
imgur.com,EarthPorn,2utg7j,2,California Sunrise at its finest.,1,http://www.imgur.com/nJObMup.png,1423097082,2,2015,2015_2,1,7077563,http://www.imgur.com/nJObMup.png
i.imgur.com,EarthPorn,3adiy1,443,stream in a foggy forest[1920x1080](xpost /r/foggypics) photo by Manuel Daneri,4,http://www.imgur.com/VrjF6MZ.png,1434693990,6,2015,2015_6,2,7077563,http://www.imgur.com/VrjF6MZ.png
i.imgur.com,EarthPorn,3b60jp,3835,The Narrows in Zion National Park [OC]: Not Bad for a point and shoot camera [2764x2073],251,http://www.imgur.com/DGwhlBU.png,1435300960,6,2015,2015_6,2,7077563,http://www.imgur.com/DGwhlBU.png
i.imgur.com,EarthPorn,2z2uno,1,"Montana Power Source. Colstrip, Montana. [OC] [749x816]",0,http://www.imgur.com/1S0J1MG.png,1426382578,3,2015,2015_3,3,7077563,http://www.imgur.com/1S0J1MG.png
i.imgur.com,EarthPorn,2ybs50,1,"Sempu Island-Malang Indonesia ,photograph by Sapu Jagat [1600x1067]",2,http://www.imgur.com/3zvKbhx.png,1425814071,3,2015,2015_3,3,7077563,http://www.imgur.com/3zvKbhx.png
imgur.com,EarthPorn,22brne,1365,"Snoqualmie Falls, Washington [2048 x 1367]",54,http://www.imgur.com/JrJ0ga8.png,1396765996,4,2014,2014_4,4,7077563,http://www.imgur.com/JrJ0ga8.png
i.imgur.com,EarthPorn,21xmmc,1,"[OC] Something I took for my art exam, thought you may enjoy it",1,http://www.imgur.com/1VFKtNX.png,1396369242,4,2014,2014_4,4,7077563,http://www.imgur.com/1VFKtNX.png
i.imgur.com,EarthPorn,29x3iw,2,"Mount Fuji and the Galaxy , [2000x1250]",1,http://www.imgur.com/ooMJAQn.png,1404594695,7,2014,2014_7,5,7077563,http://www.imgur.com/ooMJAQn.png
i.imgur.com,EarthPorn,2an3ad,1,"Awesome sunset BC, Canada",0,http://www.imgur.com/LL8hpSH.png,1405312712,7,2014,2014_7,5,7077563,http://www.imgur.com/LL8hpSH.png
i.imgur.com,EarthPorn,3ofy8k,101,"Devil's Hill, Vermont fall foliage [2500 x 911] [OC]",1,http://www.imgur.com/VrXSOoz.png,1444651709,10,2015,2015_10,6,7077563,http://www.imgur.com/VrXSOoz.png
i.imgur.com,EarthPorn,3ohwq1,6,"Portland Headlight, Cape Elizabeth, Maine [6000x4000][OC]",0,http://www.imgur.com/UopRlfp.png,1444682087,10,2015,2015_10,6,7077563,http://www.imgur.com/UopRlfp.png
i.imgur.com,EarthPorn,2jg6pi,153,"In the shadow of Eiger - Grindelwald, Switzerland, May 2014 [3264 × 2448] [OC]",4,http://www.imgur.com/Ow7Kq2d.png,1413489955,10,2014,2014_10,7,7077563,http://www.imgur.com/Ow7Kq2d.png
i.imgur.com,EarthPorn,2i24jw,569,"Opened my window shade while flying over Japan, noticed a volcano was erupting. (OC) [2448x2448]",30,http://www.imgur.com/eWlGSdR.png,1412223987,10,2014,2014_10,7,7077563,http://www.imgur.com/eWlGSdR.png
i.imgur.com,EarthPorn,32kvcw,5232,"The Sleeping Rhino of Morro Bay. Taken at Morro Bay, California. [OC][2000 × 1334].",793,http://www.imgur.com/lPTXhEy.png,1429029423,4,2015,2015_4,8,7077563,http://www.imgur.com/lPTXhEy.png
imgur.com,EarthPorn,31wgjr,4316,"""Super Sayian Sea Lion"" El Matador State Beach, CA [OC] [4265 x 6171]",256,http://www.imgur.com/nuf9aPO.png,1428517130,4,2015,2015_4,8,7077563,http://www.imgur.com/nuf9aPO.png
i.imgur.com,EarthPorn,2nh8fz,4110,From my hike through the Grand Canyon earlier this Summer 2410x2410,197,http://www.imgur.com/Lr46i2E.png,1417011056,11,2014,2014_11,9,7077563,http://www.imgur.com/Lr46i2E.png
imgur.com,EarthPorn,2lhpi9,5,Sunrise Arch in the Grand Staircase Escalante National Monument. [5911×3944],1,http://www.imgur.com/OUCKxBm.png,1415295095,11,2014,2014_11,9,7077563,http://www.imgur.com/OUCKxBm.png
i.imgur.com,EarthPorn,2q1gkx,13,Incredible storm over Manly Beach(Australia) that looks like a UFO invasion [2149x1442] By: Mauricio Bacchi,3,http://www.imgur.com/acmqNbb.png,1419224249,12,2014,2014_12,10,7077563,http://www.imgur.com/acmqNbb.png
imgur.com,EarthPorn,2oqv1d,3969,Took this picture at an early morning in a costa rica rainforest - Down the rabbit hole - [OC][2048x1365],178,http://www.imgur.com/SlZ0PS3.png,1418123903,12,2014,2014_12,10,7077563,http://www.imgur.com/SlZ0PS3.png
i.imgur.com,EarthPorn,2fogju,808,"Niagra Falls from a helicopter, Canadian airspace. [OC] [1920x2560]",32,http://www.imgur.com/35bRXd7.png,1410052306,9,2014,2014_9,11,7077563,http://www.imgur.com/35bRXd7.png
i.imgur.com,EarthPorn,2f8myv,2,"Me at Fjørå, Norway [5184x3456] by Per Solberg",1,http://www.imgur.com/40sCM2N.png,1409641631,9,2014,2014_9,11,7077563,http://www.imgur.com/40sCM2N.png
i.imgur.com,EarthPorn,3jb9pq,12,"Wanaka, New Zealand OC [5757x2401]",0,http://www.imgur.com/GOH4IoC.png,1441166600,9,2015,2015_9,12,7077563,http://www.imgur.com/GOH4IoC.png
i.imgur.com,EarthPorn,3kdnes,49,"Hiking up in the clouds - Flattop Mountain, Rocky Mountain National Park [OC] [3264 × 1840]",3,http://www.imgur.com/HPpwsJ5.png,1441880044,9,2015,2015_9,12,7077563,http://www.imgur.com/HPpwsJ5.png
imgur.com,EarthPorn,2l28pm,1,Dolomites Landscape,1,http://www.imgur.com/I7iFhsk.png,1414934872,11,2014,2014_11,13,7077563,http://www.imgur.com/I7iFhsk.png
i.imgur.com,EarthPorn,2m9xlw,3681,Damn Norwegian nature...you scary! (Pulpit Rock) [OC] [2304 × 2590],244,http://www.imgur.com/pwXb7YX.png,1415963592,11,2014,2014_11,13,7077563,http://www.imgur.com/pwXb7YX.png
i.imgur.com,EarthPorn,3p8fvz,8,"Whitmore Falls, CO [3456x4118], [OC]",0,http://www.imgur.com/DGZoxzq.png,1445181297,10,2015,2015_10,14,7077563,http://www.imgur.com/DGZoxzq.png
i.imgur.com,EarthPorn,3nn774,1,"Linn Cove Viaduct, NC [OC] [3000x2000]",0,http://www.imgur.com/XUjdheh.png,1444091013,10,2015,2015_10,14,7077563,http://www.imgur.com/XUjdheh.png
i.imgur.com,EarthPorn,3ax9ec,1,All the rain in CO means some awesome backcountry views,1,http://www.imgur.com/3O13Rje.png,1435126299,6,2015,2015_6,15,7077563,http://www.imgur.com/3O13Rje.png
i.imgur.com,EarthPorn,39scze,1,A friend and I stargazing,1,http://www.imgur.com/5na6c1v.png,1434272216,6,2015,2015_6,15,7077563,http://www.imgur.com/5na6c1v.png
i.imgur.com,EarthPorn,1w4m6l,2,"Ashdown Forest, England [1080x720]",1,http://www.imgur.com/RLJbxDS.png,1390672467,1,2014,2014_1,16,7077563,http://www.imgur.com/RLJbxDS.png
imgur.com,EarthPorn,1uawm7,4,"I got Malaria, but it still was one of the best trips I've been on - Tegalalang, Bali [OC] [1800x712]",4,http://www.imgur.com/Y3X5lRR.png,1388742726,1,2014,2014_1,16,7077563,http://www.imgur.com/Y3X5lRR.png
i.imgur.com,EarthPorn,3gkq1q,2,[720x1280] Dutch sunrise taken w/ my phone,1,http://www.imgur.com/uGAC3cm.png,1439286954,8,2015,2015_8,17,7077563,http://www.imgur.com/uGAC3cm.png
i.imgur.com,EarthPorn,3h2z9r,1,"Enough with Colorado, here's a reflection in Norway!",1,http://www.imgur.com/O8gJsTp.png,1439632325,8,2015,2015_8,17,7077563,http://www.imgur.com/O8gJsTp.png
imgur.com,EarthPorn,2sn962,2,Village in the Swiss Alps. [OC] [3140×1882],1,http://www.imgur.com/gkI9hkK.png,1421428746,1,2015,2015_1,18,7077563,http://www.imgur.com/gkI9hkK.png
i.imgur.com,EarthPorn,2tvwap,1,Frozen waterfall in Norway,1,http://www.imgur.com/9i1pQrt.png,1422393866,1,2015,2015_1,18,7077563,http://www.imgur.com/9i1pQrt.png
i.imgur.com,EarthPorn,1xkmr0,1,Going on vacation and the arctic is sold out? Come to Minnesota! [OC] [2048x1365],0,http://www.imgur.com/RlJTdwM.png,1392082873,2,2014,2014_2,19,7077563,http://www.imgur.com/RlJTdwM.png
i.imgur.com,EarthPorn,1xw3t6,1,"Lofsdalen, Sweden (my skiing trip)",1,http://www.imgur.com/mhLGM5N.png,1392380259,2,2014,2014_2,19,7077563,http://www.imgur.com/mhLGM5N.png
i.imgur.com,EarthPorn,31rg25,3816,"Königssee, Germany - [OC; 3264x2448]",128,http://www.imgur.com/vffDNEu.png,1428426869,4,2015,2015_4,20,7077563,http://www.imgur.com/vffDNEu.png
i.imgur.com,EarthPorn,31bfnr,4309,"Sutherland Falls flowing from Lake Quill, high up in Fiordland [OC] [3456x5184]",112,http://www.imgur.com/WiqbgvF.png,1428074716,4,2015,2015_4,20,7077563,http://www.imgur.com/WiqbgvF.png
i.imgur.com,EarthPorn,2zo3w0,4681,"Went flying with my uncle today, Mount St. Helens, WA [OC][4752×3070]",265,http://www.imgur.com/i5CItc7.png,1426827462,3,2015,2015_3,21,7077563,http://www.imgur.com/i5CItc7.png
i.imgur.com,EarthPorn,2y3hgn,1,"You Yangs mountain range near Melbourne, Australia",1,http://www.imgur.com/1UCu5DM.png,1425610076,3,2015,2015_3,21,7077563,http://www.imgur.com/1UCu5DM.png
imgur.com,EarthPorn,2v4sdf,1,[OC] Woke up 3 a.m to get this Shot. Saxon Switzerland on a cold january morning,1,http://www.imgur.com/PQc3lm6.png,1423347493,2,2015,2015_2,22,7077563,http://www.imgur.com/PQc3lm6.png
i.imgur.com,EarthPorn,2wbjpd,18,The Detian Falls in the Guangxi Province of China. Unknown Photographer [1800×1199].,3,http://www.imgur.com/O3ff38c.png,1424274580,2,2015,2015_2,22,7077563,http://www.imgur.com/O3ff38c.png
i.imgur.com,EarthPorn,2dl9dx,2198,"After 3 days on the road, I've finally made it. My camera ran out of batteries 15 minutes later (Xinaliq, Azerbaijan) [OC] [2048x1250]",44,http://www.imgur.com/Kj8Rsog.png,1408065142,8,2014,2014_8,23,7077563,http://www.imgur.com/Kj8Rsog.png
i.imgur.com,EarthPorn,2ci4jj,3,Sunset through a cave [2443x1626],1,http://www.imgur.com/wiuWPbg.png,1407079105,8,2014,2014_8,23,7077563,http://www.imgur.com/wiuWPbg.png
imgur.com,EarthPorn,2wq6eg,1,"Parker fall, Or",0,http://www.imgur.com/Ndfulbs.png,1424576349,2,2015,2015_2,24,7077563,http://www.imgur.com/Ndfulbs.png
i.imgur.com,EarthPorn,2v6v2k,153,The Alps. By myself (Felix Russell-Saw) [3110 × 2073],3,http://www.imgur.com/vp7ZDSU.png,1423402698,2,2015,2015_2,24,7077563,http://www.imgur.com/vp7ZDSU.png
i.imgur.com,EarthPorn,2lvagz,25,"Northern Lights, Milky Way and erupting volcano in Jokulsarlon Lagoon, Iceland. Photo by Maciej Winiarczyk [1000 x 638]",10,http://www.imgur.com/b8Y8FTp.png,1415635965,11,2014,2014_11,25,7077563,http://www.imgur.com/b8Y8FTp.png
i.imgur.com,EarthPorn,2m9xlw,3681,Damn Norwegian nature...you scary! (Pulpit Rock) [OC] [2304 × 2590],244,http://www.imgur.com/pwXb7YX.png,1415963592,11,2014,2014_11,25,7077563,http://www.imgur.com/pwXb7YX.png
i.imgur.com,EarthPorn,266qmt,36,"Cliffs at sunrise in Santa Cruz, CA - Patrick Bremser [580X960]",5,http://www.imgur.com/yLxkIla.png,1400737023,5,2014,2014_5,26,7077563,http://www.imgur.com/yLxkIla.png
i.imgur.com,EarthPorn,2506yj,1,A geyser right before eruption [x-post from /r/pics],0,http://www.imgur.com/Wv2J06O.png,1399513284,5,2014,2014_5,26,7077563,http://www.imgur.com/Wv2J06O.png
imgur.com,EarthPorn,3h8rdn,13,"Cornwall, England [OC] [3609x2409]",1,http://www.imgur.com/r7mHB1H.png,1439761875,8,2015,2015_8,27,7077563,http://www.imgur.com/r7mHB1H.png
i.imgur.com,EarthPorn,3fhgah,241,"Garibaldi Lake, as seen from the top of Panorama Ridge today (OC) [4000 x 1448]",15,http://www.imgur.com/qluMDA3.png,1438494294,8,2015,2015_8,27,7077563,http://www.imgur.com/qluMDA3.png
i.imgur.com,EarthPorn,2jzras,725,"Northern Europe is getting too much attention. Reddit, have some Nicaragua. Volcano Concepcion seen from Volcano Maderas, Island of Ometepe, Nicaragua. (x-post EarthPorn) [2554x1437][OC]",19,http://www.imgur.com/Zo6tM6h.png,1413986636,10,2014,2014_10,28,7077563,http://www.imgur.com/Zo6tM6h.png
i.imgur.com,EarthPorn,2jg1ki,3,"Breathtaking sunset at Kannapali Beach, Maui, Hawaii [OC] [960 x 640] (x-post from seaporn)",1,http://www.imgur.com/VFdmFSe.png,1413487256,10,2014,2014_10,28,7077563,http://www.imgur.com/VFdmFSe.png
i.imgur.com,EarthPorn,2rp5b8,3538,"An iceberg off the coast of Kulusuk, Greenland. Took this photo in 2010. [1000 x 664] [OC]",185,http://www.imgur.com/O55Rr9H.png,1420683279,1,2015,2015_1,29,7077563,http://www.imgur.com/O55Rr9H.png
i.imgur.com,EarthPorn,2sbw4u,74,"Thousand Islands Lake, China [1338x768] by Zenryhao",5,http://www.imgur.com/bXTsleX.png,1421187101,1,2015,2015_1,29,7077563,http://www.imgur.com/bXTsleX.png
imgur.com,EarthPorn,2pet32,3,"Mobius Arch, CA at night with bonus Mt. Whitney! [OC] [7360 x 4907]",0,http://www.imgur.com/YY3bLP7.png,1418686593,12,2014,2014_12,30,7077563,http://www.imgur.com/YY3bLP7.png
i.imgur.com,EarthPorn,2pwlbd,7,"Full disk, true-color image of Earth taken by Himawari-8, the Japanese weather satellite launched on Oct. 7 [2750 x 2750]",2,http://www.imgur.com/o1e9atI.png,1419101505,12,2014,2014_12,30,7077563,http://www.imgur.com/o1e9atI.png
i.imgur.com,EarthPorn,2m03y0,2,Norway.,0,http://www.imgur.com/1ACuud5.png,1415739594,11,2014,2014_11,31,7077563,http://www.imgur.com/1ACuud5.png
i.imgur.com,EarthPorn,2nh8fz,4110,From my hike through the Grand Canyon earlier this Summer 2410x2410,197,http://www.imgur.com/Lr46i2E.png,1417011056,11,2014,2014_11,31,7077563,http://www.imgur.com/Lr46i2E.png
i.imgur.com,EarthPorn,2ftnlj,1858,A beautiful tree on an island in South Carolina I slept under this past weekend. [2448x1958] sorry for phone quality (eerie B&amp;W in comments [OC],128,http://www.imgur.com/RWS5d91.png,1410200167,9,2014,2014_9,32,7077563,http://www.imgur.com/RWS5d91.png
i.imgur.com,EarthPorn,2gqlxp,77,"Water and sand mix to create ocean rainbow. (1,000px × 614px) By Remy Gerega",3,http://www.imgur.com/4CtGOvX.png,1411020733,9,2014,2014_9,32,7077563,http://www.imgur.com/4CtGOvX.png
i.imgur.com,EarthPorn,2ah0w3,2,"Picture I took in Banff, Alberta",1,http://www.imgur.com/i0WgTii.png,1405123704,7,2014,2014_7,33,7077563,http://www.imgur.com/i0WgTii.png
i.imgur.com,EarthPorn,2a98sm,1,Large tree struck by lightning and has fallen on its side but still grows,1,http://www.imgur.com/J0IcyJm.png,1404931400,7,2014,2014_7,33,7077563,http://www.imgur.com/J0IcyJm.png
imgur.com,EarthPorn,3l7sde,1,"Chittenango falls, New York",1,http://www.imgur.com/MqIgrt8.png,1442435268,9,2015,2015_9,34,7077563,http://www.imgur.com/MqIgrt8.png
i.imgur.com,EarthPorn,3jyduk,6,"Kerið, a volcanic crater lake in Iceland [3200x2368] [OC]",0,http://www.imgur.com/smjhEcD.png,1441617902,9,2015,2015_9,34,7077563,http://www.imgur.com/smjhEcD.png
i.imgur.com,EarthPorn,3f6fcx,1,"Another one from my trip to South America. Moon Valley, Bolivia [OC], [3639 × 2365]",0,http://www.imgur.com/csmz90N.png,1438274311,7,2015,2015_7,35,7077563,http://www.imgur.com/csmz90N.png
i.imgur.com,EarthPorn,3e2jb1,27,"Blackpool, England by /u/ThanksAlan [5312x2988] (x-post from /r/Travel_HD)",3,http://www.imgur.com/XWE6R1k.png,1437485945,7,2015,2015_7,35,7077563,http://www.imgur.com/XWE6R1k.png
i.imgur.com,EarthPorn,2v8tjm,4246,"Someone mentioned we need more New Zealand photos, so here's one I took at Lake Matheson near Fox Glacier at sunrise. [OC] [4306x2866]",173,http://www.imgur.com/QmDK5IY.png,1423440394,2,2015,2015_2,36,7077563,http://www.imgur.com/QmDK5IY.png
imgur.com,EarthPorn,2wd21d,1,"A Break In The Ice Storms. Knoxville,TN",1,http://www.imgur.com/4PSriEs.png,1424298249,2,2015,2015_2,36,7077563,http://www.imgur.com/4PSriEs.png
i.imgur.com,EarthPorn,3j2gnz,1,"Light House Bridlington, United Kingdom",1,http://www.imgur.com/x5KHX4Z.png,1441015621,8,2015,2015_8,37,7077563,http://www.imgur.com/x5KHX4Z.png
i.imgur.com,EarthPorn,3is207,4,"My co-worker took this picture of the shore in the northernmost place in North America. Barrow, Alaska. [1280 x 960]",1,http://www.imgur.com/Add9JNx.png,1440799222,8,2015,2015_8,37,7077563,http://www.imgur.com/Add9JNx.png
i.imgur.com,EarthPorn,2mkc07,100,"Amazing clouds and fields, USA by /u/chakalakasp (x-post /r/pics) [780x1200]",3,http://www.imgur.com/S4D82dY.png,1416237744,11,2014,2014_11,38,7077563,http://www.imgur.com/S4D82dY.png
i.imgur.com,EarthPorn,2ms0vu,4,Wondering if EarthPorn would appreciate something a little simpler: Southeast Uganda [OC] [3168×2176],2,http://www.imgur.com/YrHruPG.png,1416411790,11,2014,2014_11,38,7077563,http://www.imgur.com/YrHruPG.png
i.imgur.com,EarthPorn,2z85pv,1,Looking down on Dubai,1,http://www.imgur.com/USUTDsf.png,1426509558,3,2015,2015_3,39,7077563,http://www.imgur.com/USUTDsf.png
imgur.com,EarthPorn,2zgagz,1,"[OC] Last night Polar Lights in Westerland, The Netherlands.",1,http://www.imgur.com/REDJvYw.png,1426672568,3,2015,2015_3,39,7077563,http://www.imgur.com/REDJvYw.png
i.imgur.com,EarthPorn,2gqlxp,77,"Water and sand mix to create ocean rainbow. (1,000px × 614px) By Remy Gerega",3,http://www.imgur.com/4CtGOvX.png,1411020733,9,2014,2014_9,40,7077563,http://www.imgur.com/4CtGOvX.png
i.imgur.com,EarthPorn,2ftnlj,1858,A beautiful tree on an island in South Carolina I slept under this past weekend. [2448x1958] sorry for phone quality (eerie B&amp;W in comments [OC],128,http://www.imgur.com/RWS5d91.png,1410200167,9,2014,2014_9,40,7077563,http://www.imgur.com/RWS5d91.png
i.imgur.com,EarthPorn,2pm0j1,1320,Brook at Japanese garden [5312x2988] [OC],36,http://www.imgur.com/ydSyrbS.png,1418848833,12,2014,2014_12,41,7077563,http://www.imgur.com/ydSyrbS.png
i.imgur.com,EarthPorn,2o9gy0,1,Clouds covering up Yosemite valley,1,http://www.imgur.com/ix58orI.png,1417704423,12,2014,2014_12,41,7077563,http://www.imgur.com/ix58orI.png
imgur.com,EarthPorn,2y3sbp,4615,It wouldn't fit in one shot so I took 13 and stitched it. Big Bend at Zion National Park [OC] [1920 × 877],250,http://www.imgur.com/UpC10gr.png,1425615976,3,2015,2015_3,42,7077563,http://www.imgur.com/UpC10gr.png
i.imgur.com,EarthPorn,2zc9sw,1,"Milky Way and the Southern Lights, New Zealand [3000x2000] [OC]",1,http://www.imgur.com/H9ebvT0.png,1426595918,3,2015,2015_3,42,7077563,http://www.imgur.com/H9ebvT0.png
i.imgur.com,EarthPorn,2bws2b,1,Ocean Addiction by @amineV2 [2500x2200] [OC],1,http://www.imgur.com/l3D4iKK.png,1406515580,7,2014,2014_7,43,7077563,http://www.imgur.com/l3D4iKK.png
i.imgur.com,EarthPorn,2a8she,1,Monsoon season in Arizona,1,http://www.imgur.com/DrzP93A.png,1404918582,7,2014,2014_7,43,7077563,http://www.imgur.com/DrzP93A.png
i.imgur.com,EarthPorn,3odh88,1,Swiss Mountain in the Summer 2015,1,http://www.imgur.com/VDBg738.png,1444597932,10,2015,2015_10,44,7077563,http://www.imgur.com/VDBg738.png
i.imgur.com,EarthPorn,3odw6n,1,"US B-52's fly past an erupting Mount Vesuvius in Italy, 18-22 March 1944[600x338]",1,http://www.imgur.com/t2ObDtu.png,1444604906,10,2015,2015_10,44,7077563,http://www.imgur.com/t2ObDtu.png
i.imgur.com,EarthPorn,25dp8i,3309,"Porters Pass, Canterbury, New Zealand at night [OC] [7501 x 4107]",208,http://www.imgur.com/oiHDRUj.png,1399920302,5,2014,2014_5,45,7077563,http://www.imgur.com/oiHDRUj.png
i.imgur.com,EarthPorn,25l0zh,1,How blessed am I to live in New Zealand? Very. [2592 x 3872],0,http://www.imgur.com/PdZ9I2Z.png,1400115970,5,2014,2014_5,45,7077563,http://www.imgur.com/PdZ9I2Z.png
i.imgur.com,EarthPorn,34st8s,12,"Bear Lake, Rocky Mountain National Park, CO [6000x4000] [OC]",0,http://www.imgur.com/veIIO8W.png,1430722670,5,2015,2015_5,46,7077563,http://www.imgur.com/veIIO8W.png
i.imgur.com,EarthPorn,35pcom,1,Camping on Black Balsam Knob sure was worth it!,1,http://www.imgur.com/0rQmtQS.png,1431433824,5,2015,2015_5,46,7077563,http://www.imgur.com/0rQmtQS.png
i.imgur.com,EarthPorn,1wznup,67,Toronto skyline. [2048 x 696],4,http://www.imgur.com/tXbO42I.png,1391527378,2,2014,2014_2,47,7077563,http://www.imgur.com/tXbO42I.png
i.imgur.com,EarthPorn,1x02m9,188,"Allgäu, a region in the deep south of Germany [2560x1920]",5,http://www.imgur.com/K92Mdg1.png,1391536156,2,2014,2014_2,47,7077563,http://www.imgur.com/K92Mdg1.png
i.imgur.com,EarthPorn,2l39c9,5288,"Had to check out these trees myself. Boardman, OR [OC] [2048x1379]",421,http://www.imgur.com/XxMKKi1.png,1414958511,11,2014,2014_11,48,7077563,http://www.imgur.com/XxMKKi1.png
i.imgur.com,EarthPorn,2nr7c2,0,"Took this on a family holiday in Lake Garda, Italy. [2912 x 1120]",0,http://www.imgur.com/oJl53oH.png,1417267548,11,2014,2014_11,48,7077563,http://www.imgur.com/oJl53oH.png
imgur.com,EarthPorn,3esxpz,2,"Dalmation Coast, Croatia [OC] [1200 x 1600]",2,http://www.imgur.com/uhQRMrQ.png,1438023185,7,2015,2015_7,49,7077563,http://www.imgur.com/uhQRMrQ.png
i.imgur.com,EarthPorn,3ek4c8,3533,"The Less Seen Side of Delicate Arch Utah, [OC], [4998x3332]",126,http://www.imgur.com/lathnc0.png,1437831708,7,2015,2015_7,49,7077563,http://www.imgur.com/lathnc0.png
i.imgur.com,aww,2jf0n5,14,Smiling Arctic Fox,2,http://www.imgur.com/PnlLY.png,1413467330,10,2014,2014_10,0,2698280,http://www.imgur.com/PnlLY.png
i.imgur.com,aww,2ia0po,12,Just a cat in Transylvania.,0,http://www.imgur.com/E1suUuR.png,1412433461,10,2014,2014_10,0,2698280,http://www.imgur.com/E1suUuR.png
i.imgur.com,aww,2xchxw,5,Hypnotizing eyes and big feet,0,http://www.imgur.com/n79kv5t.png,1425041588,2,2015,2015_2,1,2698280,http://www.imgur.com/n79kv5t.png
imgur.com,aww,2xgrjp,4,Not your typical aww -- tiny abacus,0,http://www.imgur.com/bgizaWY.png,1425136464,2,2015,2015_2,1,2698280,http://www.imgur.com/bgizaWY.png
i.imgur.com,aww,32738x,4,THE LARGE DOGS LOVE ME I AM APPRECIATED!,1,http://www.imgur.com/7TlJpqm.png,1428723495,4,2015,2015_4,2,2698280,http://www.imgur.com/7TlJpqm.png
i.imgur.com,aww,2e60cn,0,Chris Patt visiting the 'Lego kid' in a Children's Hospital,1,http://www.imgur.com/OlvDCZW.png,1408617652,8,2014,2014_8,3,2698280,http://www.imgur.com/OlvDCZW.png
i.imgur.com,aww,2e4jmf,3,kittens collide at high speed,2,http://www.imgur.com/gvD8bjO.png,1408574523,8,2014,2014_8,3,2698280,http://www.imgur.com/gvD8bjO.png
i.imgur.com,aww,1ydosk,6,My brothers troop.,0,http://www.imgur.com/5G11kUJ.png,1392846364,2,2014,2014_2,4,2698280,http://www.imgur.com/5G11kUJ.png
imgur.com,aww,1xz8n1,170,You Think Your Cat Is Big?,2,http://www.imgur.com/9mx7nZv.png,1392469286,2,2014,2014_2,4,2698280,http://www.imgur.com/9mx7nZv.png
i.imgur.com,aww,21lddg,6,Cute Eagle saves the day [X-Post/r/pics],1,http://www.imgur.com/At6ery7.png,1396016304,3,2014,2014_3,5,2698280,http://www.imgur.com/At6ery7.png
i.imgur.com,aww,1zlbe5,37,A Fail attempt at a bear trying to scare another bear.,2,http://www.imgur.com/4WBo34L.png,1393988142,3,2014,2014_3,5,2698280,http://www.imgur.com/4WBo34L.png
i.imgur.com,aww,33xeeq,10,Cheetah cub and mother,0,http://www.imgur.com/42AZDiP.png,1430062964,4,2015,2015_4,6,2698280,http://www.imgur.com/42AZDiP.png
i.imgur.com,aww,3j50xp,6,Owl Treadmill!,2,http://www.imgur.com/T2yBU9j.png,1441058180,8,2015,2015_8,7,2698280,http://www.imgur.com/T2yBU9j.png
i.imgur.com,aww,1yxrve,3,Not what you guys are used to but here's a child wrestling a baby bear.,1,http://www.imgur.com/3Og1sHq.png,1393371156,2,2014,2014_2,8,2698280,http://www.imgur.com/3Og1sHq.png
i.imgur.com,aww,1yefnr,11,They are not happy at all! (x-post from /r/DelightfullyAnnoyed),0,http://www.imgur.com/6XgePtf.png,1392861090,2,2014,2014_2,8,2698280,http://www.imgur.com/6XgePtf.png
imgur.com,aww,1xpil7,7,"Hi Reddit, I'm a photography student and I need your support! [info in comments]",1,http://www.imgur.com/TsO34w0.png,1392214711,2,2014,2014_2,9,2698280,http://www.imgur.com/TsO34w0.png
i.imgur.com,aww,1xr9cp,4,Cat in Sighisoara. (Vlad III the Impaler birthplace),2,http://www.imgur.com/nmgLADT.png,1392251024,2,2014,2014_2,9,2698280,http://www.imgur.com/nmgLADT.png
i.imgur.com,aww,2jhhym,18,Cute panda caught off gaurd,3,http://www.imgur.com/KMgBnzI.png,1413517270,10,2014,2014_10,10,2698280,http://www.imgur.com/KMgBnzI.png
i.imgur.com,aww,2jmmp2,0,Polar bear wants to cuddle (xpost /r/gifs),2,http://www.imgur.com/fn5Lddl.png,1413658980,10,2014,2014_10,10,2698280,http://www.imgur.com/fn5Lddl.png
i.imgur.com,aww,3t97xu,12,Always happy to see you!,0,http://www.imgur.com/4KPiSYd.png,1447822116,11,2015,2015_11,11,2698280,http://www.imgur.com/4KPiSYd.png
i.imgur.com,aww,3r96t6,139,Baby manatee,2,http://www.imgur.com/TouxzXu.png,1446495391,11,2015,2015_11,11,2698280,http://www.imgur.com/TouxzXu.png
i.imgur.com,aww,2pkqq7,1413,And now the news,20,http://www.imgur.com/rYo9NEs.png,1418824375,12,2014,2014_12,12,2698280,http://www.imgur.com/rYo9NEs.png
i.imgur.com,aww,2qgz3s,3872,This kitty just makes me melt!,195,http://www.imgur.com/jXlzkf4.png,1419625299,12,2014,2014_12,12,2698280,http://www.imgur.com/jXlzkf4.png
i.imgur.com,aww,3gmdq0,1,#CATLIVESMATTER,0,http://www.imgur.com/xg2MuSA.png,1439316760,8,2015,2015_8,14,2698280,http://www.imgur.com/xg2MuSA.png
i.imgur.com,aww,3gi0lr,1332,I think someone found their happy place,19,http://www.imgur.com/pUNTlcK.png,1439234528,8,2015,2015_8,14,2698280,http://www.imgur.com/pUNTlcK.png
i.imgur.com,aww,2tksgc,3844,"I swear, she's normally very ladylike",267,http://www.imgur.com/PJx0l8V.png,1422153733,1,2015,2015_1,15,2698280,http://www.imgur.com/PJx0l8V.png
i.imgur.com,aww,2u9ye6,1,A cow thoroughly enjoying a nice scrub,0,http://www.imgur.com/DK1EHCh.png,1422679209,1,2015,2015_1,15,2698280,http://www.imgur.com/DK1EHCh.png
i.imgur.com,aww,2w32nq,480,Baby goat trying to figure out how to goat,5,http://www.imgur.com/HRAfv7F.png,1424102070,2,2015,2015_2,16,2698280,http://www.imgur.com/HRAfv7F.png
imgur.com,aww,2vt5h2,102,Orphan piglet adopted by my friend's Pitbull!,6,http://www.imgur.com/Pslyz0S.png,1423863769,2,2015,2015_2,16,2698280,http://www.imgur.com/Pslyz0S.png
i.imgur.com,aww,1xhrmt,1,Look at this little guy!,0,http://www.imgur.com/Q2N0y2g.png,1392006341,2,2014,2014_2,17,2698280,http://www.imgur.com/Q2N0y2g.png
i.imgur.com,aww,1xutsf,1898,I corgily invite you to be my valentine,17,http://www.imgur.com/IGFBZl3.png,1392340389,2,2014,2014_2,17,2698280,http://www.imgur.com/IGFBZl3.png
i.imgur.com,aww,2tfavo,3769,Your total comes to fourteen belly rubs,339,http://www.imgur.com/LSG9xg3.png,1422036076,1,2015,2015_1,18,2698280,http://www.imgur.com/LSG9xg3.png
i.imgur.com,aww,2s7pz8,4388,Sunbathing Kitty,97,http://www.imgur.com/PINtvuh.png,1421101747,1,2015,2015_1,18,2698280,http://www.imgur.com/PINtvuh.png
i.imgur.com,aww,2udiur,0,Little league hockey player helping a member of the opposing team [X-post from r/gifs],0,http://www.imgur.com/V9dO0Vd.png,1422763187,2,2015,2015_2,19,2698280,http://www.imgur.com/V9dO0Vd.png
i.imgur.com,aww,2wncb5,59,Wombat (pic).,5,http://www.imgur.com/6JQo0Bn.png,1424518157,2,2015,2015_2,19,2698280,http://www.imgur.com/6JQo0Bn.png
i.imgur.com,aww,30xbmj,1,"He's just a baby boy, not the real McCoy",0,http://www.imgur.com/KVk9RNT.png,1427813471,3,2015,2015_3,20,2698280,http://www.imgur.com/KVk9RNT.png
i.imgur.com,aww,3q25g5,13,Nice Dog Smile,0,http://www.imgur.com/tEGCbDH.png,1445712045,10,2015,2015_10,21,2698280,http://www.imgur.com/tEGCbDH.png
i.imgur.com,aww,2gyp7d,1,Beautifully majestic. (x-post /r/funny),0,http://www.imgur.com/zMa05B1.png,1411232994,9,2014,2014_9,22,2698280,http://www.imgur.com/zMa05B1.png
i.imgur.com,aww,2fmuoe,197,Baby hippo in the water with a snack,3,http://www.imgur.com/5aAvDt7.png,1410008453,9,2014,2014_9,22,2698280,http://www.imgur.com/5aAvDt7.png
i.imgur.com,aww,2bupz5,1,Newborn elephant learning to walk.,0,http://www.imgur.com/eyXzwAs.png,1406462608,7,2014,2014_7,23,2698280,http://www.imgur.com/eyXzwAs.png
i.imgur.com,aww,2bosdt,4087,Bluuuuuuuurg,295,http://www.imgur.com/leRjl6e.png,1406296971,7,2014,2014_7,23,2698280,http://www.imgur.com/leRjl6e.png
i.imgur.com,aww,2nf690,2,Curious Ava is curious.,0,http://www.imgur.com/QZz3Gu8.png,1416956535,11,2014,2014_11,24,2698280,http://www.imgur.com/QZz3Gu8.png
i.imgur.com,aww,2fw9yw,3845,Who's there ?,311,http://www.imgur.com/GCwNxJL.png,1410263463,9,2014,2014_9,25,2698280,http://www.imgur.com/GCwNxJL.png
i.imgur.com,aww,2hxqa8,41,Ewan McGregor and a puppy!! (x-post from /r/gifs),1,http://www.imgur.com/XzfRqTg.png,1412117738,9,2014,2014_9,25,2698280,http://www.imgur.com/XzfRqTg.png
i.imgur.com,aww,2nx5ob,12,Baby bats ready for bed,2,http://www.imgur.com/0ueMs30.png,1417417532,12,2014,2014_12,26,2698280,http://www.imgur.com/0ueMs30.png
i.imgur.com,aww,32vswc,22,A snake wearing a tiny pirate hat (x-post from /r/SnakesWithHats),3,http://www.imgur.com/0HFAbcE.png,1429240051,4,2015,2015_4,27,2698280,http://www.imgur.com/0HFAbcE.png
i.imgur.com,aww,33zblh,0,A cat named Moustache,0,http://www.imgur.com/QZOXSGr.png,1430101363,4,2015,2015_4,27,2698280,http://www.imgur.com/QZOXSGr.png
i.imgur.com,aww,2x4db2,4,Seen hanging from the steering column of a taxi cab [x-post: /r/Singapore] [OP: /u/dkmag],0,http://www.imgur.com/i7ZG7jU.png,1424879442,2,2015,2015_2,28,2698280,http://www.imgur.com/i7ZG7jU.png
i.imgur.com,aww,2ug43o,1,Ninja Squirrels [r/perfecttiming],0,http://www.imgur.com/wAg6zgz.png,1422826758,2,2015,2015_2,28,2698280,http://www.imgur.com/wAg6zgz.png
imgur.com,aww,250pv3,3,"Saw this on my fb feed, all I could think was ""reddit""",1,http://www.imgur.com/vWJYNPU.png,1399527172,5,2014,2014_5,29,2698280,http://www.imgur.com/vWJYNPU.png
i.imgur.com,aww,25r9oq,2683,I will never be as happy as this baby owl.,111,http://www.imgur.com/jdZ7uIF.png,1400286949,5,2014,2014_5,29,2698280,http://www.imgur.com/jdZ7uIF.png
i.imgur.com,aww,2nf690,2,Curious Ava is curious.,0,http://www.imgur.com/QZz3Gu8.png,1416956535,11,2014,2014_11,30,2698280,http://www.imgur.com/QZz3Gu8.png
i.imgur.com,aww,33rnl2,4,Toad tickles!,1,http://www.imgur.com/ZL8gBHL.png,1429918556,4,2015,2015_4,31,2698280,http://www.imgur.com/ZL8gBHL.png
i.imgur.com,aww,31mi85,2,Smiley bear,0,http://www.imgur.com/XJUfis8.png,1428330040,4,2015,2015_4,31,2698280,http://www.imgur.com/XJUfis8.png
i.imgur.com,aww,2bfeir,4506,"Snooty, the world's oldest manatee, turned 66 yesterday. Happy Birthday!",642,http://www.imgur.com/uRF2MuO.png,1406060437,7,2014,2014_7,32,2698280,http://www.imgur.com/uRF2MuO.png
i.imgur.com,aww,2arb87,1675,And people still think he is cute...,69,http://www.imgur.com/fQpmoXE.png,1405428797,7,2014,2014_7,32,2698280,http://www.imgur.com/fQpmoXE.png
i.imgur.com,aww,39oibl,2,Labradog,0,http://www.imgur.com/qIjq6R8.png,1434177035,6,2015,2015_6,33,2698280,http://www.imgur.com/qIjq6R8.png
i.imgur.com,aww,2cwqgx,4,Buddha Pears in Japan (X-post /r/buddhism),4,http://www.imgur.com/W8QmFKZ.png,1407441667,8,2014,2014_8,35,2698280,http://www.imgur.com/W8QmFKZ.png
i.imgur.com,aww,2diko3,5646,Not sure if he belongs here but my bird is pretty darn cute (xpost /r/parrots),618,http://www.imgur.com/67tSocD.png,1408000742,8,2014,2014_8,35,2698280,http://www.imgur.com/67tSocD.png
i.imgur.com,aww,2egxh5,1,I met a Firefox (Red Panda) at the Zoo in Austria Herberstein,0,http://www.imgur.com/0fgzd0z.png,1408912207,8,2014,2014_8,36,2698280,http://www.imgur.com/0fgzd0z.png
i.imgur.com,aww,2eflf8,2,Definitely not traditional aww but I think it counts.,0,http://www.imgur.com/ryH16v5.png,1408874503,8,2014,2014_8,36,2698280,http://www.imgur.com/ryH16v5.png
i.imgur.com,aww,2gd9t7,91,I love Red Pandas. Here is a mother carrying her cub,0,http://www.imgur.com/R42Qkmr.png,1410702978,9,2014,2014_9,37,2698280,http://www.imgur.com/R42Qkmr.png
i.imgur.com,aww,209sis,6,"Happy kitty, sleepy kitty, purr purr purr.",0,http://www.imgur.com/8XyqmXD.png,1394665327,3,2014,2014_3,38,2698280,http://www.imgur.com/8XyqmXD.png
imgur.com,aww,2089to,2606,My parrot won't stop meowing,272,http://www.imgur.com/bYTuEmm.png,1394633339,3,2014,2014_3,38,2698280,http://www.imgur.com/bYTuEmm.png
i.imgur.com,aww,3cw9fb,4,Cat in a Blanket,0,http://www.imgur.com/9qPn14l.png,1436607040,7,2015,2015_7,39,2698280,http://www.imgur.com/9qPn14l.png
i.imgur.com,aww,3bq425,0,This cat is way too cute...,0,http://www.imgur.com/fZ9RF.png,1435731644,7,2015,2015_7,39,2698280,http://www.imgur.com/fZ9RF.png
imgur.com,aww,2pswv6,0,such feels. much redhead...wow,0,http://www.imgur.com/91sp6e2.png,1419009321,12,2014,2014_12,40,2698280,http://www.imgur.com/91sp6e2.png
imgur.com,aww,2pqcsq,6,There's one in every family (X-post from /r/StopTouchingMe),0,http://www.imgur.com/XDzRpjL.png,1418944148,12,2014,2014_12,40,2698280,http://www.imgur.com/XDzRpjL.png
i.imgur.com,aww,1xlzmo,1312,Baby donkey,25,http://www.imgur.com/nY8XQsB.png,1392125149,2,2014,2014_2,41,2698280,http://www.imgur.com/nY8XQsB.png
i.imgur.com,aww,1y5m4t,5,"Aww, poor little guy!",1,http://www.imgur.com/TQTbGiz.png,1392654787,2,2014,2014_2,41,2698280,http://www.imgur.com/TQTbGiz.png
i.imgur.com,aww,31by45,4512,I was wondering why my husband wasn't cuddling me,744,http://www.imgur.com/ViNWrob.png,1428082705,4,2015,2015_4,42,2698280,http://www.imgur.com/ViNWrob.png
i.imgur.com,aww,2fzpsk,0,Baby getting an xray (pic).,1,http://www.imgur.com/HzdDbF8.png,1410341818,9,2014,2014_9,43,2698280,http://www.imgur.com/HzdDbF8.png
i.imgur.com,aww,2ffdiy,3521,incredibly cute hippo born in Sweden yesterday.,118,http://www.imgur.com/PKTVTD0.png,1409805199,9,2014,2014_9,43,2698280,http://www.imgur.com/PKTVTD0.png
i.imgur.com,aww,26bm7c,246,Adorable Baby Skunk,7,http://www.imgur.com/hBrDzlX.png,1400877377,5,2014,2014_5,44,2698280,http://www.imgur.com/hBrDzlX.png
imgur.com,aww,260sdf,0,I made this for my son and now he's hooked on Chess,0,http://www.imgur.com/xFXzBd7.png,1400588477,5,2014,2014_5,44,2698280,http://www.imgur.com/xFXzBd7.png
i.imgur.com,aww,1yr5t1,0,Cute baby elephant taking a quick breather after playing in the mud,0,http://www.imgur.com/gag4Pbe.png,1393206494,2,2014,2014_2,46,2698280,http://www.imgur.com/gag4Pbe.png
i.imgur.com,aww,1yh9qa,2491,Girls best friend as well,185,http://www.imgur.com/44TVncH.png,1392934061,2,2014,2014_2,46,2698280,http://www.imgur.com/44TVncH.png
i.imgur.com,aww,2jdxfo,1,Rescued this sweet little girl from the side of the road. Was hoping Reddit could help us name her.,0,http://www.imgur.com/jv7Ovre.png,1413430614,10,2014,2014_10,47,2698280,http://www.imgur.com/jv7Ovre.png
i.imgur.com,aww,2dkxsg,10,"Linda, keeping guard of her territory in Transylvania.",1,http://www.imgur.com/KL4YWWc.png,1408057917,8,2014,2014_8,48,2698280,http://www.imgur.com/KL4YWWc.png
i.imgur.com,aww,2e38hm,6540,"""Pudding"" is a resident Fox at the National Fox Welfare Society, as he's too friendly to be released back to the wild.",1031,http://www.imgur.com/S1OPVB6.png,1408549379,8,2014,2014_8,48,2698280,http://www.imgur.com/S1OPVB6.png
i.imgur.com,aww,2jmq2x,1821,"Sometimes wolves need hugs, too.",22,http://www.imgur.com/5FgptU7.png,1413660979,10,2014,2014_10,49,2698280,http://www.imgur.com/5FgptU7.png
i.imgur.com,aww,2ir68c,3,Cross breed between a Husky and a Golden Retriever (X-post r/pics),1,http://www.imgur.com/bDLYIYl.png,1412862695,10,2014,2014_10,49,2698280,http://www.imgur.com/bDLYIYl.png
imgur.com,aww,3k59xo,5280,My friend just cut her hair and used the leftovers to make a toupée for her guinea pig,611,http://www.imgur.com/bmQfPwx.png,1441748395,9,2015,2015_9,0,5577832,http://www.imgur.com/bmQfPwx.png
i.imgur.com,aww,2cu0v5,4023,Where did my treat go?,271,http://www.imgur.com/2R1rj6D.png,1407366956,8,2014,2014_8,2,5577832,http://www.imgur.com/2R1rj6D.png
i.imgur.com,aww,2cc51s,6,Pokemon + Cute,0,http://www.imgur.com/7sAdmjx.png,1406902737,8,2014,2014_8,2,5577832,http://www.imgur.com/7sAdmjx.png
i.imgur.com,aww,224j4i,0,It's so cute how it throws its head up at the end,2,http://www.imgur.com/jfCSJiz.png,1396551402,4,2014,2014_4,3,5577832,http://www.imgur.com/jfCSJiz.png
i.imgur.com,aww,22v0d5,13,Two Saudi old men peering out the windows of a plane on their first time flying [by /u/bbeagoo],3,http://www.imgur.com/5yLgDEG.png,1397323029,4,2014,2014_4,3,5577832,http://www.imgur.com/5yLgDEG.png
imgur.com,aww,32vyw8,0,Spot the one that's not cute (trick question) [xpost],3,http://www.imgur.com/JZ1nTog.png,1429243486,4,2015,2015_4,4,5577832,http://www.imgur.com/JZ1nTog.png
imgur.com,aww,3fbj2x,6,My cousin's 2 year old kept getting bit by the other kids at her daycare...,0,http://www.imgur.com/lmme0rF.png,1438367165,7,2015,2015_7,5,5577832,http://www.imgur.com/lmme0rF.png
i.imgur.com,aww,271qyx,2740,I am a donut,194,http://www.imgur.com/mqnpFi7.png,1401649193,6,2014,2014_6,6,5577832,http://www.imgur.com/mqnpFi7.png
imgur.com,aww,27dlor,5,Big hug!,3,http://www.imgur.com/s5L6MmY.png,1401972170,6,2014,2014_6,6,5577832,http://www.imgur.com/s5L6MmY.png
i.imgur.com,aww,2s6zez,11,"the ""i'm right you're wrong face""",0,http://www.imgur.com/cFFjClF.png,1421090160,1,2015,2015_1,7,5577832,http://www.imgur.com/cFFjClF.png
i.imgur.com,aww,2qz6f4,2532,Not the usual aww,101,http://www.imgur.com/PO4hhGc.png,1420080388,1,2015,2015_1,7,5577832,http://www.imgur.com/PO4hhGc.png
i.imgur.com,aww,29haz4,2332,:-3,187,http://www.imgur.com/O8ivVW5.png,1404143040,6,2014,2014_6,8,5577832,http://www.imgur.com/O8ivVW5.png
i.imgur.com,aww,28adpq,2576,My cat really takes guarding her tower seriously,148,http://www.imgur.com/BrswccR.png,1402934383,6,2014,2014_6,8,5577832,http://www.imgur.com/BrswccR.png
i.imgur.com,aww,2kqszn,3852,I'm a ball.,84,http://www.imgur.com/4VlELX7.png,1414636655,10,2014,2014_10,9,5577832,http://www.imgur.com/4VlELX7.png
i.imgur.com,aww,2kemwp,3,Big family of firefighters,0,http://www.imgur.com/T9h7ulY.png,1414364612,10,2014,2014_10,9,5577832,http://www.imgur.com/T9h7ulY.png
i.imgur.com,aww,209sis,6,"Happy kitty, sleepy kitty, purr purr purr.",0,http://www.imgur.com/8XyqmXD.png,1394665327,3,2014,2014_3,10,5577832,http://www.imgur.com/8XyqmXD.png
i.imgur.com,aww,1zycav,5,Just a little elephant trying to keep up with his family,0,http://www.imgur.com/PxAkUsb.png,1394351321,3,2014,2014_3,10,5577832,http://www.imgur.com/PxAkUsb.png
i.imgur.com,aww,3rv1ui,1,No sleeping allowed!!,0,http://www.imgur.com/S2kAc06.png,1446877147,11,2015,2015_11,12,5577832,http://www.imgur.com/S2kAc06.png
i.imgur.com,aww,3g8q48,1,My town's police K-9 died this morning. This is his caretaker/partner saying goodbye one last time.,0,http://www.imgur.com/wjxyb43.png,1439044465,8,2015,2015_8,13,5577832,http://www.imgur.com/wjxyb43.png
i.imgur.com,aww,2n7pj4,5736,Safe to say that my hedgehog doesnt enjoy trips to the vet anymore,1023,http://www.imgur.com/3XComit.png,1416788586,11,2014,2014_11,14,5577832,http://www.imgur.com/3XComit.png
i.imgur.com,aww,3ntqxh,1,"I have no idea how to please you fickle people, so here's a corgi with a plant on his head.",0,http://www.imgur.com/wKjdA9G.png,1444215144,10,2015,2015_10,15,5577832,http://www.imgur.com/wKjdA9G.png
i.imgur.com,aww,2a6vqq,30,Wilbur went to the beach today!,1,http://www.imgur.com/S85XMC3.png,1404862315,7,2014,2014_7,16,5577832,http://www.imgur.com/S85XMC3.png
i.imgur.com,aww,2av02p,361,A rabbit that can open letters,10,http://www.imgur.com/QpZ7k.png,1405521409,7,2014,2014_7,16,5577832,http://www.imgur.com/QpZ7k.png
i.imgur.com,aww,24k5qu,2596,Best bed ever?,225,http://www.imgur.com/UOeev8i.png,1399054156,5,2014,2014_5,17,5577832,http://www.imgur.com/UOeev8i.png
i.imgur.com,aww,24jcig,19,What I see when dogs are playing,4,http://www.imgur.com/yQ5Krwu.png,1399034369,5,2014,2014_5,17,5577832,http://www.imgur.com/yQ5Krwu.png
imgur.com,aww,240oic,29,"My foster kitten, Cash, at 2 weeks old",2,http://www.imgur.com/064eYG9.png,1398499608,4,2014,2014_4,18,5577832,http://www.imgur.com/064eYG9.png
i.imgur.com,aww,23b1bi,2532,Found her waiting for tourists food on the road from Transylvania to Romania proper.,60,http://www.imgur.com/lwdKfMx.png,1397775703,4,2014,2014_4,18,5577832,http://www.imgur.com/lwdKfMx.png
imgur.com,aww,2rtoz9,9,"My cat, Amore, got a new bow tie for Christmas",0,http://www.imgur.com/VpxfSGN.png,1420777832,1,2015,2015_1,20,5577832,http://www.imgur.com/VpxfSGN.png
i.imgur.com,aww,2sch8t,0,Love at its most true,0,http://www.imgur.com/qvcVB6p.png,1421196659,1,2015,2015_1,20,5577832,http://www.imgur.com/qvcVB6p.png
i.imgur.com,aww,2k0fvo,2621,"Meet Monty, he's a little more special then the rest of the guys on here.",555,http://www.imgur.com/W3VCVUU.png,1413999540,10,2014,2014_10,21,5577832,http://www.imgur.com/W3VCVUU.png
imgur.com,aww,2jvzud,6,Meeowse!,1,http://www.imgur.com/MQHYB.png,1413900005,10,2014,2014_10,21,5577832,http://www.imgur.com/MQHYB.png
i.imgur.com,aww,1yr5t1,0,Cute baby elephant taking a quick breather after playing in the mud,0,http://www.imgur.com/gag4Pbe.png,1393206494,2,2014,2014_2,22,5577832,http://www.imgur.com/gag4Pbe.png
i.imgur.com,aww,1y5m4t,5,"Aww, poor little guy!",1,http://www.imgur.com/TQTbGiz.png,1392654787,2,2014,2014_2,22,5577832,http://www.imgur.com/TQTbGiz.png
i.imgur.com,aww,2ia0po,12,Just a cat in Transylvania.,0,http://www.imgur.com/E1suUuR.png,1412433461,10,2014,2014_10,23,5577832,http://www.imgur.com/E1suUuR.png
i.imgur.com,aww,2i3477,4924,Red Panda stands up when he sees his keeper,438,http://www.imgur.com/6fONidV.png,1412254834,10,2014,2014_10,23,5577832,http://www.imgur.com/6fONidV.png
i.imgur.com,aww,3g8q48,1,My town's police K-9 died this morning. This is his caretaker/partner saying goodbye one last time.,0,http://www.imgur.com/wjxyb43.png,1439044465,8,2015,2015_8,24,5577832,http://www.imgur.com/wjxyb43.png
i.imgur.com,aww,3i4tp0,1,MRW I'm at grandma's garden and I just realise how bored I am,0,http://www.imgur.com/uLJ60F7.png,1440371423,8,2015,2015_8,24,5577832,http://www.imgur.com/uLJ60F7.png
i.imgur.com,aww,2dungs,0,Babies!! - X-Post from r/wtf,3,http://www.imgur.com/yrSppco.png,1408329608,8,2014,2014_8,25,5577832,http://www.imgur.com/yrSppco.png
i.imgur.com,aww,2eflf8,2,Definitely not traditional aww but I think it counts.,0,http://www.imgur.com/ryH16v5.png,1408874503,8,2014,2014_8,25,5577832,http://www.imgur.com/ryH16v5.png
i.imgur.com,aww,24wnik,0,Remy is ready for some football.,0,http://www.imgur.com/Kr9uw2l.png,1399418729,5,2014,2014_5,26,5577832,http://www.imgur.com/Kr9uw2l.png
i.imgur.com,aww,24yjjm,8,Greedy little guy,0,http://www.imgur.com/6Y4Qlg7.png,1399477523,5,2014,2014_5,26,5577832,http://www.imgur.com/6Y4Qlg7.png
imgur.com,aww,1xz8n1,170,You Think Your Cat Is Big?,2,http://www.imgur.com/9mx7nZv.png,1392469286,2,2014,2014_2,27,5577832,http://www.imgur.com/9mx7nZv.png
i.imgur.com,aww,1wyfys,3288,Sofa tiger,587,http://www.imgur.com/G17qfc4.png,1391485990,2,2014,2014_2,27,5577832,http://www.imgur.com/G17qfc4.png
i.imgur.com,aww,33ycim,5253,"It's his 1st birthday, I thought it would be an appropriate time to let him know...",462,http://www.imgur.com/9crXU9j.png,1430079878,4,2015,2015_4,28,5577832,http://www.imgur.com/9crXU9j.png
i.imgur.com,aww,2uge60,3943,My girlfreind is studying for her Vet Tech entrance exam and she sent me this. I think she's off task.,344,http://www.imgur.com/AeQliUj.png,1422831706,2,2015,2015_2,29,5577832,http://www.imgur.com/AeQliUj.png
i.imgur.com,aww,2wwaos,38,A man and his corgi (xpost from /r/funny),1,http://www.imgur.com/1O5Xurq.png,1424717050,2,2015,2015_2,29,5577832,http://www.imgur.com/1O5Xurq.png
i.imgur.com,aww,27ndw7,5,One punk chick,0,http://www.imgur.com/YAKIZUq.png,1402265795,6,2014,2014_6,30,5577832,http://www.imgur.com/YAKIZUq.png
i.imgur.com,aww,271qyx,2740,I am a donut,194,http://www.imgur.com/mqnpFi7.png,1401649193,6,2014,2014_6,30,5577832,http://www.imgur.com/mqnpFi7.png
imgur.com,aww,3dp4wd,7,Cooling Off [X-post from /r/funny],1,http://www.imgur.com/y405w2k.png,1437187431,7,2015,2015_7,31,5577832,http://www.imgur.com/y405w2k.png
i.imgur.com,aww,39ds8l,0,Paw !,0,http://www.imgur.com/DNioLgj.png,1433988433,6,2015,2015_6,32,5577832,http://www.imgur.com/DNioLgj.png
i.imgur.com,aww,3lfumq,12,Motherhood is seriously overrated.,0,http://www.imgur.com/683SId9.png,1442588551,9,2015,2015_9,34,5577832,http://www.imgur.com/683SId9.png
i.imgur.com,aww,3mkjhl,0,I believe I can fly!,0,http://www.imgur.com/PSj8SEs.png,1443356189,9,2015,2015_9,34,5577832,http://www.imgur.com/PSj8SEs.png
i.imgur.com,aww,2f0rvc,1,How hundreds of cherries are harvested in seconds,1,http://www.imgur.com/1pbWWPD.png,1409421802,8,2014,2014_8,35,5577832,http://www.imgur.com/1pbWWPD.png
i.imgur.com,aww,2e26ha,37,Gentle Giant Tibetan Mastiff.,1,http://www.imgur.com/rqZKi4g.png,1408516414,8,2014,2014_8,35,5577832,http://www.imgur.com/rqZKi4g.png
i.imgur.com,aww,2k0x38,0,Best headline ever,0,http://www.imgur.com/JVtsS59.png,1414008169,10,2014,2014_10,36,5577832,http://www.imgur.com/JVtsS59.png
i.imgur.com,aww,2ipu9o,3488,Russian cat [repost from /r/ANormalDayInRussia/],133,http://www.imgur.com/DfYxqzI.png,1412816954,10,2014,2014_10,36,5577832,http://www.imgur.com/DfYxqzI.png
i.imgur.com,aww,28gkgh,3,That smile,0,http://www.imgur.com/SEsW1aS.png,1403099887,6,2014,2014_6,37,5577832,http://www.imgur.com/SEsW1aS.png
i.imgur.com,aww,28do3r,2,How did this turn up in /r/pics and not /r/aww? (X-post /r/pics),0,http://www.imgur.com/KOmunuf.png,1403025776,6,2014,2014_6,37,5577832,http://www.imgur.com/KOmunuf.png
i.imgur.com,aww,2woeaz,2395,Went to the zoo. The meerkats concur that it's bl**dy freezing.,97,http://www.imgur.com/ride1Kt.png,1424543647,2,2015,2015_2,39,5577832,http://www.imgur.com/ride1Kt.png
i.imgur.com,aww,2v1zc3,25,"""What is that thing whirring inside of there?""",4,http://www.imgur.com/zT6hKN7.png,1423277399,2,2015,2015_2,39,5577832,http://www.imgur.com/zT6hKN7.png
i.imgur.com,aww,21t6ta,11,This is friendship.,0,http://www.imgur.com/swaMXRJ.png,1396248037,3,2014,2014_3,40,5577832,http://www.imgur.com/swaMXRJ.png
i.imgur.com,aww,20wyb9,2381,"Everyone, meet George.",250,http://www.imgur.com/6NcIGKI.png,1395333520,3,2014,2014_3,40,5577832,http://www.imgur.com/6NcIGKI.png
i.imgur.com,aww,1yslnh,3710,I'm tired too...,502,http://www.imgur.com/UGcbjTf.png,1393250011,2,2014,2014_2,41,5577832,http://www.imgur.com/UGcbjTf.png
i.imgur.com,aww,1yh9qa,2491,Girls best friend as well,185,http://www.imgur.com/44TVncH.png,1392934061,2,2014,2014_2,41,5577832,http://www.imgur.com/44TVncH.png
i.imgur.com,aww,26gk67,2,Puppy + Baby squirrel,0,http://www.imgur.com/Of3a3AR.png,1401041172,5,2014,2014_5,42,5577832,http://www.imgur.com/Of3a3AR.png
i.imgur.com,aww,24m6w4,3009,Spotted this gang in a ruff area of Germany,235,http://www.imgur.com/q6otPyq.png,1399118691,5,2014,2014_5,42,5577832,http://www.imgur.com/q6otPyq.png
i.imgur.com,aww,2ux0sq,10,3-week old Corgis,1,http://www.imgur.com/Z1h2eXX.png,1423173655,2,2015,2015_2,43,5577832,http://www.imgur.com/Z1h2eXX.png
i.imgur.com,aww,2vhxoa,19,Kibo looking smart,2,http://www.imgur.com/oF21XK2.png,1423625916,2,2015,2015_2,43,5577832,http://www.imgur.com/oF21XK2.png
i.imgur.com,aww,1yi9w1,9,Best birthday ever,1,http://www.imgur.com/0D3dPGG.png,1392955676,2,2014,2014_2,44,5577832,http://www.imgur.com/0D3dPGG.png
i.imgur.com,aww,1yxrve,3,Not what you guys are used to but here's a child wrestling a baby bear.,1,http://www.imgur.com/3Og1sHq.png,1393371156,2,2014,2014_2,44,5577832,http://www.imgur.com/3Og1sHq.png
i.imgur.com,aww,3ms2v3,19,Leave the Minion alone or he will hit you back.,0,http://www.imgur.com/ZwQU9wu.png,1443491429,9,2015,2015_9,45,5577832,http://www.imgur.com/ZwQU9wu.png
i.imgur.com,aww,2kemwp,3,Big family of firefighters,0,http://www.imgur.com/T9h7ulY.png,1414364612,10,2014,2014_10,46,5577832,http://www.imgur.com/T9h7ulY.png
i.imgur.com,aww,2iflft,4643,HURR DURR DURR I'M A DOG,326,http://www.imgur.com/IDYevDg.png,1412586354,10,2014,2014_10,46,5577832,http://www.imgur.com/IDYevDg.png
i.imgur.com,aww,2dskyl,479,"No big deal, just a baby lion playing with my camera strap.",6,http://www.imgur.com/5d3ykKz.png,1408279473,8,2014,2014_8,47,5577832,http://www.imgur.com/5d3ykKz.png
i.imgur.com,aww,2dkov4,217,Found this little guy while mowing (x-post /r/pics),24,http://www.imgur.com/7hlOjSl.png,1408052745,8,2014,2014_8,47,5577832,http://www.imgur.com/7hlOjSl.png
imgur.com,aww,37buq0,0,I guess people are saying me and my girlfriend are becoming crazy dog people...,1,http://www.imgur.com/79MH8q1.png,1432649114,5,2015,2015_5,48,5577832,http://www.imgur.com/79MH8q1.png
i.imgur.com,aww,28t0bo,24,Snuggle [OC],2,http://www.imgur.com/g0YTfmt.png,1403458685,6,2014,2014_6,49,5577832,http://www.imgur.com/g0YTfmt.png
i.imgur.com,aww,27czvn,1,Sugar Glider falls asleep on an orange.,0,http://www.imgur.com/cU6i9FT.png,1401946913,6,2014,2014_6,49,5577832,http://www.imgur.com/cU6i9FT.png
i.imgur.com,funny,1yma7b,1874,Have you ever been so mad... (Stolen from pics),229,http://www.imgur.com/6cBG6vh.png,1393071357,2,2014,2014_2,0,8047105,http://www.imgur.com/6cBG6vh.png
i.imgur.com,funny,1wxxxn,0,Me this morning walking to class on the icy pavement,1,http://www.imgur.com/qSYaIw0.png,1391475062,2,2014,2014_2,0,8047105,http://www.imgur.com/qSYaIw0.png
imgur.com,funny,3huxtj,1,My dog's face when there is food around,1,http://www.imgur.com/em8kcER.png,1440170999,8,2015,2015_8,1,8047105,http://www.imgur.com/em8kcER.png
i.imgur.com,funny,2xv30h,3161,This horse gives you an upvote every time it sees you,113,http://www.imgur.com/NtpypeQ.png,1425436848,3,2015,2015_3,2,8047105,http://www.imgur.com/NtpypeQ.png
i.imgur.com,funny,30cdjn,1,DOGE destroys CAT,0,http://www.imgur.com/OlczFx7.png,1427347733,3,2015,2015_3,2,8047105,http://www.imgur.com/OlczFx7.png
i.imgur.com,funny,2t8hpi,1,The resemblence is uncanny...,0,http://www.imgur.com/q7wpnJI.png,1421887928,1,2015,2015_1,3,8047105,http://www.imgur.com/q7wpnJI.png
i.imgur.com,funny,2s6jdd,5201,Louis CK nominated for best actor,1437,http://www.imgur.com/0ZTtIMO.png,1421082709,1,2015,2015_1,3,8047105,http://www.imgur.com/0ZTtIMO.png
i.imgur.com,funny,24k6so,1629,Best bed ever?,46,http://www.imgur.com/UOeev8i.png,1399054773,5,2014,2014_5,4,8047105,http://www.imgur.com/UOeev8i.png
i.imgur.com,funny,25nhfs,0,Mayor of Friendzoneville? I say Wingman of the Year!,0,http://www.imgur.com/HbwHN0T.png,1400186846,5,2014,2014_5,4,8047105,http://www.imgur.com/HbwHN0T.png
i.imgur.com,funny,2p4ex0,1,Spain has some weird Christmas displays,0,http://www.imgur.com/yELO00q.png,1418424813,12,2014,2014_12,5,8047105,http://www.imgur.com/yELO00q.png
i.imgur.com,funny,2qd0lz,26,"Autobots, roll out! (fixed)",0,http://www.imgur.com/o3aqu59.png,1419512340,12,2014,2014_12,5,8047105,http://www.imgur.com/o3aqu59.png
i.imgur.com,funny,3mhgrd,5658,When your dog makes the executive decision that you are no longer on a walk.,535,http://www.imgur.com/aja6pdo.png,1443287997,9,2015,2015_9,6,8047105,http://www.imgur.com/aja6pdo.png
i.imgur.com,funny,2vs2zk,1,When Sean Connery has a cold...,0,http://www.imgur.com/VEnIb5i.png,1423845797,2,2015,2015_2,7,8047105,http://www.imgur.com/VEnIb5i.png
imgur.com,funny,2gb87b,7,Unnecessary censorship,3,http://www.imgur.com/zvSuW8q.png,1410640566,9,2014,2014_9,8,8047105,http://www.imgur.com/zvSuW8q.png
i.imgur.com,funny,2hp00z,0,You spin me right round baby,3,http://www.imgur.com/DtCSroU.png,1411909193,9,2014,2014_9,8,8047105,http://www.imgur.com/DtCSroU.png
i.imgur.com,funny,1y3uwg,2073,This... I want this...,562,http://www.imgur.com/swb50Wj.png,1392601023,2,2014,2014_2,9,8047105,http://www.imgur.com/swb50Wj.png
i.imgur.com,funny,1y3wg5,2324,A friend posted this childhood portrait of him and his brothers.,509,http://www.imgur.com/Kuc6GRL.png,1392602017,2,2014,2014_2,9,8047105,http://www.imgur.com/Kuc6GRL.png
imgur.com,funny,2on57p,1,The Force Was With Me,0,http://www.imgur.com/2Xhk3EU.png,1418043630,12,2014,2014_12,10,8047105,http://www.imgur.com/2Xhk3EU.png
i.imgur.com,funny,2ol2u8,0,my kind of girl,0,http://www.imgur.com/3BfZ7fK.png,1417988911,12,2014,2014_12,10,8047105,http://www.imgur.com/3BfZ7fK.png
i.imgur.com,funny,3uhkqp,4141,"Why I insist on hanging my TP the ""wrong"" way.",574,http://www.imgur.com/VWrQF.png,1448646781,11,2015,2015_11,11,8047105,http://www.imgur.com/VWrQF.png
i.imgur.com,funny,2rrkyq,1,This pictures pretty much sums up Bill Murray.,0,http://www.imgur.com/zkRT63C.png,1420741095,1,2015,2015_1,12,8047105,http://www.imgur.com/zkRT63C.png
i.imgur.com,funny,2tgto2,6,My reaction to seeing Windows HoloLens,8,http://www.imgur.com/JNYgWjk.png,1422061296,1,2015,2015_1,12,8047105,http://www.imgur.com/JNYgWjk.png
imgur.com,funny,1uz4id,2,Where will you be when the crack kicks in?,0,http://www.imgur.com/YZ0XJ4q.png,1389467324,1,2014,2014_1,13,8047105,http://www.imgur.com/YZ0XJ4q.png
i.imgur.com,funny,1v9009,0,Do you see this?,0,http://www.imgur.com/nJdP4.png,1389758217,1,2014,2014_1,13,8047105,http://www.imgur.com/nJdP4.png
i.imgur.com,funny,2p2rn9,791,You wanna see something? HMMF,44,http://www.imgur.com/KDAsRf3.png,1418390741,12,2014,2014_12,14,8047105,http://www.imgur.com/KDAsRf3.png
i.imgur.com,funny,2ogwie,3183,Perfect Comeback.,364,http://www.imgur.com/mvBePaD.png,1417884092,12,2014,2014_12,14,8047105,http://www.imgur.com/mvBePaD.png
i.imgur.com,funny,2xgplr,4623,Outfoxed,188,http://www.imgur.com/uHWPBMj.png,1425135153,2,2015,2015_2,15,8047105,http://www.imgur.com/uHWPBMj.png
i.imgur.com,funny,2x0el1,4,Murica,0,http://www.imgur.com/KjHyvZk.png,1424800121,2,2015,2015_2,15,8047105,http://www.imgur.com/KjHyvZk.png
i.imgur.com,funny,2u68kw,1,Bus 404: Axle not found,0,http://www.imgur.com/BrYtdH1.png,1422599025,1,2015,2015_1,16,8047105,http://www.imgur.com/BrYtdH1.png
i.imgur.com,funny,2t8vm1,4110,Every morning...,462,http://www.imgur.com/FglO3QP.png,1421894669,1,2015,2015_1,16,8047105,http://www.imgur.com/FglO3QP.png
i.imgur.com,funny,32ag6r,1,"Scottish mortsafe, and 18th century defense against zombies",0,http://www.imgur.com/E8p3ewm.png,1428805927,4,2015,2015_4,17,8047105,http://www.imgur.com/E8p3ewm.png
i.imgur.com,funny,308oa9,3,"As someone with a shy bladder, I can't tell you how accurate this is",3,http://www.imgur.com/ZEBUU.png,1427281922,3,2015,2015_3,18,8047105,http://www.imgur.com/ZEBUU.png
i.imgur.com,funny,22ptmi,2882,"Most pathetic reaction in a horror movie, ever.",403,http://www.imgur.com/H9qf8.png,1397157540,4,2014,2014_4,19,8047105,http://www.imgur.com/H9qf8.png
i.imgur.com,funny,238ihc,2666,All hail the Hypnofolds!,84,http://www.imgur.com/aI1DgDd.png,1397700950,4,2014,2014_4,19,8047105,http://www.imgur.com/aI1DgDd.png
i.imgur.com,funny,26yr47,1687,How McDonald's Hamburgers Are Made,347,http://www.imgur.com/7lyqlln.png,1401553642,5,2014,2014_5,20,8047105,http://www.imgur.com/7lyqlln.png
i.imgur.com,funny,24v45v,3589,I signed up for a weightlifting competition that requires a singlet. It has arrived!,1092,http://www.imgur.com/ogmv5Nf.png,1399385116,5,2014,2014_5,20,8047105,http://www.imgur.com/ogmv5Nf.png
i.imgur.com,funny,2egyxh,2488,Freedom blanket 2.0,546,http://www.imgur.com/rSTJbEp.png,1408913141,8,2014,2014_8,21,8047105,http://www.imgur.com/rSTJbEp.png
i.imgur.com,funny,2danoo,3208,My favorite onscreen couple,342,http://www.imgur.com/WqIvCps.png,1407808650,8,2014,2014_8,21,8047105,http://www.imgur.com/WqIvCps.png
i.imgur.com,funny,2b4za0,181,Beautiful,2,http://www.imgur.com/5vvziyw.png,1405788416,7,2014,2014_7,22,8047105,http://www.imgur.com/5vvziyw.png
i.imgur.com,funny,2bei8e,2944,Make a wish...,183,http://www.imgur.com/KYvZ6KS.png,1406043464,7,2014,2014_7,22,8047105,http://www.imgur.com/KYvZ6KS.png
i.imgur.com,funny,1x81f7,0,Literal Sweet Baby Jesus,1,http://www.imgur.com/CcAHjjP.png,1391728553,2,2014,2014_2,23,8047105,http://www.imgur.com/CcAHjjP.png
i.imgur.com,funny,1ycgra,343,Look what I found for you!,5,http://www.imgur.com/dmnPmEm.png,1392821925,2,2014,2014_2,23,8047105,http://www.imgur.com/dmnPmEm.png
i.imgur.com,funny,3emp5z,4458,"Just another girl proposing to her boyfriend, must be that time of the year.",447,http://www.imgur.com/WEDMhuf.png,1437888437,7,2015,2015_7,24,8047105,http://www.imgur.com/WEDMhuf.png
i.imgur.com,funny,2z0wmg,406,Cat (vs) Bag,16,http://www.imgur.com/0ed3wBo.png,1426346293,3,2015,2015_3,25,8047105,http://www.imgur.com/0ed3wBo.png
imgur.com,funny,2y1lku,4340,At least Eeyore has that going for him...,154,http://www.imgur.com/xgQF55u.png,1425578410,3,2015,2015_3,25,8047105,http://www.imgur.com/xgQF55u.png
i.imgur.com,funny,24se3e,2,Pick it up,0,http://www.imgur.com/Xfr4Mph.png,1399309490,5,2014,2014_5,26,8047105,http://www.imgur.com/Xfr4Mph.png
i.imgur.com,funny,26mwk4,6,Very clear water,4,http://www.imgur.com/RtVZCMm.png,1401226371,5,2014,2014_5,26,8047105,http://www.imgur.com/RtVZCMm.png
i.imgur.com,funny,36x01r,2,Proudly supporting the human rights abuses of World Cup 2022. (X-Post from /r/Pics),7,http://www.imgur.com/yD0bmZv.png,1432330304,5,2015,2015_5,27,8047105,http://www.imgur.com/yD0bmZv.png
i.imgur.com,funny,36t73f,163,The launch of Anal Probe 1 was a success!,8,http://www.imgur.com/WRJYveX.png,1432248058,5,2015,2015_5,27,8047105,http://www.imgur.com/WRJYveX.png
i.imgur.com,funny,2e2yd8,4631,"My new dragon, just hanging out.",568,http://www.imgur.com/ypJad0k.png,1408547096,8,2014,2014_8,28,8047105,http://www.imgur.com/ypJad0k.png
i.imgur.com,funny,2dqulf,4193,Wait... This isn't water...,418,http://www.imgur.com/VaecfYf.png,1408219935,8,2014,2014_8,28,8047105,http://www.imgur.com/VaecfYf.png
i.imgur.com,funny,3c1mdz,4,Ideas are bulletproof,0,http://www.imgur.com/bhKh9UW.png,1435963544,7,2015,2015_7,29,8047105,http://www.imgur.com/bhKh9UW.png
i.imgur.com,funny,1zaitw,2171,How real men solve their problems.,169,http://www.imgur.com/25vP3t2.png,1393707630,3,2014,2014_3,30,8047105,http://www.imgur.com/25vP3t2.png
i.imgur.com,funny,1zsfrp,0,[xpost r/pics] my penis is so confused right now,0,http://www.imgur.com/6vcO9wB.png,1394172439,3,2014,2014_3,30,8047105,http://www.imgur.com/6vcO9wB.png
imgur.com,funny,2hc7k8,0,Here i shit broken hearted,0,http://www.imgur.com/Bwzchre.png,1411577159,9,2014,2014_9,31,8047105,http://www.imgur.com/Bwzchre.png
i.imgur.com,funny,2gmjmv,0,Bear Chills,0,http://www.imgur.com/3FXUwmC.png,1410926988,9,2014,2014_9,31,8047105,http://www.imgur.com/3FXUwmC.png
i.imgur.com,funny,212q5j,0,"Not something you see everyday, even in Texas.",0,http://www.imgur.com/fUc2RUi.png,1395500533,3,2014,2014_3,32,8047105,http://www.imgur.com/fUc2RUi.png
i.imgur.com,funny,20i97f,0,Best WristWatch Ever Made,1,http://www.imgur.com/T6jqvWX.png,1394922069,3,2014,2014_3,32,8047105,http://www.imgur.com/T6jqvWX.png
i.imgur.com,funny,2opimf,0,"My parents made this star [1984] for their first Christmas. Yesterday, my mom inherited it down to me because she knows I'm just as poor as they were. Honestly. best. Christmas. Gift. Ever.",1,http://www.imgur.com/PO6eYG1.png,1418089032,12,2014,2014_12,33,8047105,http://www.imgur.com/PO6eYG1.png
i.imgur.com,funny,2pkpeg,3977,Slow poke,247,http://www.imgur.com/JxW3VKE.png,1418823339,12,2014,2014_12,33,8047105,http://www.imgur.com/JxW3VKE.png
imgur.com,funny,3b7f0y,2,the new same-sex marriage map (:,0,http://www.imgur.com/zVd8xBU.png,1435334439,6,2015,2015_6,34,8047105,http://www.imgur.com/zVd8xBU.png
imgur.com,funny,38seac,3099,"I recently moved to Colorado, my Grandmother smoked Pot legally for the first time. She has been listening to a dubstep Frank Sinatra song on repeat for an hour and a half.",874,http://www.imgur.com/xcmWMHf.png,1433592229,6,2015,2015_6,34,8047105,http://www.imgur.com/xcmWMHf.png
i.imgur.com,funny,24zwf9,16,Penis size,1,http://www.imgur.com/2twMj4f.png,1399506417,5,2014,2014_5,35,8047105,http://www.imgur.com/2twMj4f.png
i.imgur.com,funny,26mof9,3836,Denied,364,http://www.imgur.com/2kQirjx.png,1401218117,5,2014,2014_5,35,8047105,http://www.imgur.com/2kQirjx.png
i.imgur.com,funny,3naa15,524,This is why Denmark is the happiest country in the world,76,http://www.imgur.com/L0dY3DZ.png,1443827597,10,2015,2015_10,36,8047105,http://www.imgur.com/L0dY3DZ.png
i.imgur.com,funny,3p94hs,1,Tornado Cat vs banana,1,http://www.imgur.com/R8bilvn.png,1445192229,10,2015,2015_10,36,8047105,http://www.imgur.com/R8bilvn.png
i.imgur.com,funny,3aawdu,4379,"Come on, James!",277,http://www.imgur.com/Jn3OxWT.png,1434646048,6,2015,2015_6,37,8047105,http://www.imgur.com/Jn3OxWT.png
i.imgur.com,funny,39iwyd,27,Intense! (xpost from r/cringepics),3,http://www.imgur.com/GsGogh5.png,1434071295,6,2015,2015_6,37,8047105,http://www.imgur.com/GsGogh5.png
i.imgur.com,funny,2geup7,0,A beatiful poem.,0,http://www.imgur.com/idF3mfI.png,1410742720,9,2014,2014_9,38,8047105,http://www.imgur.com/idF3mfI.png
imgur.com,funny,2gw6ij,3334,The NFL's Newest Uniform Requirement,192,http://www.imgur.com/3YtOnVk.png,1411158903,9,2014,2014_9,38,8047105,http://www.imgur.com/3YtOnVk.png
i.imgur.com,funny,38gk4r,17,"Tony Abbott, Prime Minister of Australia",0,http://www.imgur.com/Or4JKwE.png,1433382336,6,2015,2015_6,39,8047105,http://www.imgur.com/Or4JKwE.png
i.imgur.com,funny,3b8lh8,3453,Awesome skateboard jump trick,103,http://www.imgur.com/832cuQy.png,1435353129,6,2015,2015_6,39,8047105,http://www.imgur.com/832cuQy.png
imgur.com,funny,2hc5kg,784,Jehovah's Witnesses dropped off some literature on the dangers of pornography. I thought this passage was particularly funny.,32,http://www.imgur.com/S9YWMDW.png,1411572494,9,2014,2014_9,41,8047105,http://www.imgur.com/S9YWMDW.png
i.imgur.com,funny,2dtodr,0,This is talent,3,http://www.imgur.com/4FU6eoG.png,1408306127,8,2014,2014_8,42,8047105,http://www.imgur.com/4FU6eoG.png
i.imgur.com,funny,2dj1fh,3398,"Ummm, what are you doing?",246,http://www.imgur.com/Lkd9l6B.png,1408014547,8,2014,2014_8,42,8047105,http://www.imgur.com/Lkd9l6B.png
i.imgur.com,funny,3pu83p,0,This asshole...,1,http://www.imgur.com/DmhgpUY.png,1445557239,10,2015,2015_10,43,8047105,http://www.imgur.com/DmhgpUY.png
imgur.com,funny,36do7l,36,"""I've made a terrible mistake... """,0,http://www.imgur.com/j80sycu.png,1431964007,5,2015,2015_5,44,8047105,http://www.imgur.com/j80sycu.png
i.imgur.com,funny,26z826,0,"Poor door design, example A",0,http://www.imgur.com/nDNPyYd.png,1401565844,5,2014,2014_5,45,8047105,http://www.imgur.com/nDNPyYd.png
i.imgur.com,funny,24vg7y,2598,Listen here you little shit,258,http://www.imgur.com/CR11DpF.png,1399392880,5,2014,2014_5,45,8047105,http://www.imgur.com/CR11DpF.png
i.imgur.com,funny,3sc31j,182,Nigel Thornberry In Fallout 4,13,http://www.imgur.com/gtqPfyS.png,1447196074,11,2015,2015_11,46,8047105,http://www.imgur.com/gtqPfyS.png
i.imgur.com,funny,24se3e,2,Pick it up,0,http://www.imgur.com/Xfr4Mph.png,1399309490,5,2014,2014_5,47,8047105,http://www.imgur.com/Xfr4Mph.png
i.imgur.com,funny,263599,0,When did this become more beautiful?,2,http://www.imgur.com/ug3Yo.png,1400639660,5,2014,2014_5,47,8047105,http://www.imgur.com/ug3Yo.png
i.imgur.com,funny,24wzq0,8,Can you spot the scaredy cat?,3,http://www.imgur.com/N03R4F9.png,1399426935,5,2014,2014_5,48,8047105,http://www.imgur.com/N03R4F9.png
i.imgur.com,funny,24ge4o,996,Innovative entertainment,14,http://www.imgur.com/iEvpFNj.png,1398952358,5,2014,2014_5,48,8047105,http://www.imgur.com/iEvpFNj.png
i.imgur.com,funny,2rigui,16,That's just messed up..,5,http://www.imgur.com/u1Jloo4.png,1420551681,1,2015,2015_1,49,8047105,http://www.imgur.com/u1Jloo4.png
i.imgur.com,funny,2reeam,0,How do you do Reddit? Been here for a year and still don't know how....,2,http://www.imgur.com/YX1g68w.png,1420464706,1,2015,2015_1,49,8047105,http://www.imgur.com/YX1g68w.png
i.imgur.com,funny,34gr45,4365,Stephen Colbert showing off his inner Hemingway,384,http://www.imgur.com/tO5IuUO.png,1430444261,5,2015,2015_5,0,1874672,http://www.imgur.com/tO5IuUO.png
i.imgur.com,funny,37rzzb,9,So there is a trend in Japan to shave dogs' fur into cubes...,5,http://www.imgur.com/GG6AmMv.png,1432942304,5,2015,2015_5,0,1874672,http://www.imgur.com/GG6AmMv.png
i.imgur.com,funny,2xwpo3,4752,Lady at a local cake shop just made this for fun,588,http://www.imgur.com/RB3LSSZ.png,1425479069,3,2015,2015_3,1,1874672,http://www.imgur.com/RB3LSSZ.png
i.imgur.com,funny,2xyn0p,16,I caught the garage door staring at me,10,http://www.imgur.com/TFWs3rk.png,1425512039,3,2015,2015_3,1,1874672,http://www.imgur.com/TFWs3rk.png
i.imgur.com,funny,1wu421,0,Today summed up into one picture... (Xpost goingtohellforthis),0,http://www.imgur.com/8ZgpjWX.png,1391376208,2,2014,2014_2,2,1874672,http://www.imgur.com/8ZgpjWX.png
i.imgur.com,funny,1x8g8b,12,Gotcha!,1,http://www.imgur.com/hlvNV3e.png,1391737474,2,2014,2014_2,2,1874672,http://www.imgur.com/hlvNV3e.png
i.imgur.com,funny,1w4ray,0,haveeeee u met barney ??? true story once...,0,http://www.imgur.com/Wk9v3.png,1390675885,1,2014,2014_1,3,1874672,http://www.imgur.com/Wk9v3.png
imgur.com,funny,1wb30m,2660,Be nice to me or...,1088,http://www.imgur.com/DjbD7TR.png,1390854362,1,2014,2014_1,3,1874672,http://www.imgur.com/DjbD7TR.png
i.imgur.com,funny,25fidr,2,I'll take that!,1,http://www.imgur.com/2yb9dXe.png,1399963965,5,2014,2014_5,4,1874672,http://www.imgur.com/2yb9dXe.png
i.imgur.com,funny,26dzoq,2,Cop saves family from being crushed by cars.,1,http://www.imgur.com/R1bEuUS.png,1400953235,5,2014,2014_5,4,1874672,http://www.imgur.com/R1bEuUS.png
imgur.com,funny,37x1vr,4,My Friends Not So Photogenic Dog,3,http://www.imgur.com/5AI98de.png,1433040861,5,2015,2015_5,5,1874672,http://www.imgur.com/5AI98de.png
i.imgur.com,funny,1umpoy,0,Steve Aoki found in Shanghai,1,http://www.imgur.com/l3LegSS.png,1389111144,1,2014,2014_1,6,1874672,http://www.imgur.com/l3LegSS.png
i.imgur.com,funny,1vkxo5,28,2 seconds into the Canucks-Flames game this is what the penalty box looks like,5,http://www.imgur.com/2hY4ecc.png,1390116143,1,2014,2014_1,6,1874672,http://www.imgur.com/2hY4ecc.png
i.imgur.com,funny,2ugssj,3022,FOOTBALL!,298,http://www.imgur.com/B2JdAew.png,1422840228,2,2015,2015_2,7,1874672,http://www.imgur.com/B2JdAew.png
i.imgur.com,funny,2vs4uu,1,saw this posted in /r/pics,2,http://www.imgur.com/MjK7YmU.png,1423846628,2,2015,2015_2,7,1874672,http://www.imgur.com/MjK7YmU.png
i.imgur.com,funny,2a6lco,2,What brazil flag looks like now,0,http://www.imgur.com/VyoGKfm.png,1404860110,7,2014,2014_7,8,1874672,http://www.imgur.com/VyoGKfm.png
i.imgur.com,funny,2bagfc,0,A Chance To Make Things Right,0,http://www.imgur.com/W4hIClW.png,1405946184,7,2014,2014_7,8,1874672,http://www.imgur.com/W4hIClW.png
imgur.com,funny,3d6l7w,0,Off Brands Nowadays are getting a bit ridiculous (xpost /r/crappytshirt),1,http://www.imgur.com/rdu75ge.png,1436827373,7,2015,2015_7,9,1874672,http://www.imgur.com/rdu75ge.png
i.imgur.com,funny,3el2ik,2,*Pap pap* Good creb,0,http://www.imgur.com/e41tk9T.png,1437850923,7,2015,2015_7,9,1874672,http://www.imgur.com/e41tk9T.png
imgur.com,funny,397lec,2,THORGI,0,http://www.imgur.com/gNXCcfs.png,1433886788,6,2015,2015_6,10,1874672,http://www.imgur.com/gNXCcfs.png
imgur.com,funny,38nz5n,5405,"I'm notorious in my D&amp;D group for my horrible rolls. Gimping my character. Endangering my group. Yesterday, my Dungeon Master gifted me this shirt.",1545,http://www.imgur.com/oMriKfG.png,1433510314,6,2015,2015_6,10,1874672,http://www.imgur.com/oMriKfG.png
i.imgur.com,funny,20z1fn,4,As a parent - this kills me. As a kid - this killed me. The irony.,8,http://www.imgur.com/ekRsl.png,1395378703,3,2014,2014_3,11,1874672,http://www.imgur.com/ekRsl.png
i.imgur.com,funny,21opws,20,"""I Never Wanted This"" [x-post /r/husky]",0,http://www.imgur.com/dr6DEI7.png,1396117101,3,2014,2014_3,11,1874672,http://www.imgur.com/dr6DEI7.png
i.imgur.com,funny,3queqk,4616,Shoot them in the head!,300,http://www.imgur.com/7K0tn7d.png,1446216215,10,2015,2015_10,12,1874672,http://www.imgur.com/7K0tn7d.png
i.imgur.com,funny,3hs4l9,1,"Much fighting, very combat.",0,http://www.imgur.com/yEpekDy.png,1440112443,8,2015,2015_8,13,1874672,http://www.imgur.com/yEpekDy.png
i.imgur.com,funny,39thiu,3853,Will this mouse pad work with my mac?,127,http://www.imgur.com/zQjAtrq.png,1434300876,6,2015,2015_6,14,1874672,http://www.imgur.com/zQjAtrq.png
i.imgur.com,funny,318icb,0,"Pierce Brosnan, you poor, dumb bastard.",6,http://www.imgur.com/cctzoRk.png,1428012343,4,2015,2015_4,15,1874672,http://www.imgur.com/cctzoRk.png
i.imgur.com,funny,3i9mqv,321,Hi. . .bye,4,http://www.imgur.com/yEkZRqy.png,1440460237,8,2015,2015_8,16,1874672,http://www.imgur.com/yEkZRqy.png
i.imgur.com,funny,2wzwcf,1,My son was born just in time for his 80th birthday,1,http://www.imgur.com/hJ1L6GI.png,1424791874,2,2015,2015_2,17,1874672,http://www.imgur.com/hJ1L6GI.png
i.imgur.com,funny,2wr4k5,33,Darude in Australia (2013),14,http://www.imgur.com/234qv4x.png,1424605340,2,2015,2015_2,17,1874672,http://www.imgur.com/234qv4x.png
i.imgur.com,funny,2jd35h,1338,Thank you ATM,48,http://www.imgur.com/H3q18fy.png,1413413100,10,2014,2014_10,18,1874672,http://www.imgur.com/H3q18fy.png
i.imgur.com,funny,2igxw1,2481,Am I doing this right?,253,http://www.imgur.com/t7PR8uY.png,1412619475,10,2014,2014_10,18,1874672,http://www.imgur.com/t7PR8uY.png
i.imgur.com,funny,2ps3f1,0,He doesnt even know how ghetto our Christmas is.,2,http://www.imgur.com/3gb1stX.png,1418988993,12,2014,2014_12,19,1874672,http://www.imgur.com/3gb1stX.png
imgur.com,funny,2o2vwd,2,sɹәʞɹoʍ әnɔsәɹ,6,http://www.imgur.com/Y2i2la4.png,1417552433,12,2014,2014_12,19,1874672,http://www.imgur.com/Y2i2la4.png
i.imgur.com,funny,2u79kf,716,Within about 6 hours of trying Menudo in Mexico for the first time.,45,http://www.imgur.com/eN514xh.png,1422629979,1,2015,2015_1,20,1874672,http://www.imgur.com/eN514xh.png
i.imgur.com,funny,2st8uh,0,colorized pic from 1885 (x-post from /r/pics),0,http://www.imgur.com/dEbYMPr.png,1421564284,1,2015,2015_1,20,1874672,http://www.imgur.com/dEbYMPr.png
i.imgur.com,funny,3s6zae,1,/r/politics subscribers,0,http://www.imgur.com/aVtr8bL.png,1447108454,11,2015,2015_11,21,1874672,http://www.imgur.com/aVtr8bL.png
imgur.com,funny,3ss1fq,1,The day France inadvertently took over the world,0,http://www.imgur.com/cOeyPSb.png,1447507778,11,2015,2015_11,21,1874672,http://www.imgur.com/cOeyPSb.png
i.imgur.com,funny,2ncd96,1475,Too soon?,935,http://www.imgur.com/SuSUKJI.png,1416892835,11,2014,2014_11,22,1874672,http://www.imgur.com/SuSUKJI.png
i.imgur.com,funny,2nsz92,0,Amazing Giant Mediterranean Opal!,7,http://www.imgur.com/5tgBQI2.png,1417309479,11,2014,2014_11,22,1874672,http://www.imgur.com/5tgBQI2.png
imgur.com,funny,3b70k2,4910,"I found $100,000 in the dumpster behind my business today!",1223,http://www.imgur.com/BjVERK4.png,1435327799,6,2015,2015_6,23,1874672,http://www.imgur.com/BjVERK4.png
i.imgur.com,funny,2vajr9,4756,Black dude’s sign at a hockey game,1040,http://www.imgur.com/Lb7Nt3c.png,1423483638,2,2015,2015_2,24,1874672,http://www.imgur.com/Lb7Nt3c.png
i.imgur.com,funny,2wod3h,5797,You mother fuckers,1548,http://www.imgur.com/WgGZcoH.png,1424543028,2,2015,2015_2,24,1874672,http://www.imgur.com/WgGZcoH.png
i.imgur.com,funny,37bmo2,5,Ellen Pao summed up in one pic (x-post from voat),1,http://www.imgur.com/foATDvf.png,1432648529,5,2015,2015_5,25,1874672,http://www.imgur.com/foATDvf.png
i.imgur.com,funny,1xa288,1823,So the continents are just a cat coughing up a hairball...,386,http://www.imgur.com/aUyM6ag.png,1391788898,2,2014,2014_2,26,1874672,http://www.imgur.com/aUyM6ag.png
i.imgur.com,funny,1yxb4n,5,Lest we never forget....,5,http://www.imgur.com/nHIMOJi.png,1393362148,2,2014,2014_2,26,1874672,http://www.imgur.com/nHIMOJi.png
i.imgur.com,funny,3nvb2f,5243,"My initials are E.D, I've been signing with a dick my whole life",1257,http://www.imgur.com/V81sLu1.png,1444241666,10,2015,2015_10,27,1874672,http://www.imgur.com/V81sLu1.png
i.imgur.com,funny,3nog11,9,My testicles after coming out of a chilly ocean.,6,http://www.imgur.com/rfZGl8C.png,1444115207,10,2015,2015_10,27,1874672,http://www.imgur.com/rfZGl8C.png
imgur.com,funny,2ohjvf,124,I just lost my appetite,19,http://www.imgur.com/l5drT72.png,1417897809,12,2014,2014_12,28,1874672,http://www.imgur.com/l5drT72.png
imgur.com,funny,3b7f0y,2,the new same-sex marriage map (:,0,http://www.imgur.com/zVd8xBU.png,1435334439,6,2015,2015_6,29,1874672,http://www.imgur.com/zVd8xBU.png
i.imgur.com,funny,2tuktn,2223,Taking a rest?,48,http://www.imgur.com/uE776LD.png,1422373653,1,2015,2015_1,30,1874672,http://www.imgur.com/uE776LD.png
i.imgur.com,funny,2r396p,4254,The Titanic exhibition is closed because of....,347,http://www.imgur.com/5YIkzIp.png,1420193733,1,2015,2015_1,30,1874672,http://www.imgur.com/5YIkzIp.png
i.imgur.com,funny,2b4exw,5,Just a sea anemone fleeing from a starfish,3,http://www.imgur.com/LjQdUdK.png,1405762888,7,2014,2014_7,31,1874672,http://www.imgur.com/LjQdUdK.png
i.imgur.com,funny,2bmyez,459,My local police department just posted this on their Facebook,17,http://www.imgur.com/odAiiYE.png,1406243663,7,2014,2014_7,31,1874672,http://www.imgur.com/odAiiYE.png
i.imgur.com,funny,1yopk0,16,Screw you I'm outta here,4,http://www.imgur.com/paVlH3f.png,1393136394,2,2014,2014_2,32,1874672,http://www.imgur.com/paVlH3f.png
i.imgur.com,funny,1y0vl1,7,The hotel gave us decaf,6,http://www.imgur.com/Pt692bL.png,1392511940,2,2014,2014_2,32,1874672,http://www.imgur.com/Pt692bL.png
i.imgur.com,funny,25tv1u,1710,Gonorrhea,84,http://www.imgur.com/SkNaoN6.png,1400373397,5,2014,2014_5,33,1874672,http://www.imgur.com/SkNaoN6.png
i.imgur.com,funny,26ngxw,779,Do you feel like your voice isn't being heard?,19,http://www.imgur.com/hPx0WAN.png,1401238719,5,2014,2014_5,33,1874672,http://www.imgur.com/hPx0WAN.png
i.imgur.com,funny,3788jb,2,Something that will go down in the record books,0,http://www.imgur.com/nWuvtH3.png,1432577111,5,2015,2015_5,34,1874672,http://www.imgur.com/nWuvtH3.png
i.imgur.com,funny,2q16gi,540,Bitch got rammed...,13,http://www.imgur.com/4TLWK.png,1419218083,12,2014,2014_12,35,1874672,http://www.imgur.com/4TLWK.png
i.imgur.com,funny,2nwuco,3412,sports,712,http://www.imgur.com/Pk4JdG2.png,1417409596,12,2014,2014_12,35,1874672,http://www.imgur.com/Pk4JdG2.png
i.imgur.com,funny,3tap6n,5962,I'm supposed to be impressed?,379,http://www.imgur.com/jXiqsEC.png,1447856612,11,2015,2015_11,36,1874672,http://www.imgur.com/jXiqsEC.png
i.imgur.com,funny,2rt8xw,1,What's the Superbowl?,0,http://www.imgur.com/livP1oH.png,1420769204,1,2015,2015_1,37,1874672,http://www.imgur.com/livP1oH.png
i.imgur.com,funny,2tjkbf,0,I'm guessing good morals don't run in the family....,0,http://www.imgur.com/w931zkE.png,1422130468,1,2015,2015_1,37,1874672,http://www.imgur.com/w931zkE.png
i.imgur.com,funny,27o22q,3,How I look when flirting.(x-post from /r/photoshopbattles),5,http://www.imgur.com/OpIFaOV.png,1402286936,6,2014,2014_6,38,1874672,http://www.imgur.com/OpIFaOV.png
i.imgur.com,funny,278503,6,"Lion, meet GoPro, GoPro, meet lion.",2,http://www.imgur.com/JuSsnlR.png,1401822771,6,2014,2014_6,38,1874672,http://www.imgur.com/JuSsnlR.png
imgur.com,funny,30j5y9,1,Getting sued by Zayn Malik's lawyer for writing about a leaked picture of him kissing a guy,0,http://www.imgur.com/oPtE2t1.png,1427489137,3,2015,2015_3,40,1874672,http://www.imgur.com/oPtE2t1.png
i.imgur.com,funny,30cjla,0,My coffee mug looks like it has jupiter in it!,6,http://www.imgur.com/AZRynvM.png,1427356031,3,2015,2015_3,40,1874672,http://www.imgur.com/AZRynvM.png
m.imgur.com,funny,2bebe0,1,She was terrified...,0,http://www.imgur.com/02i2hhr.png,1406039707,7,2014,2014_7,41,1874672,http://www.imgur.com/02i2hhr.png
imgur.com,funny,2aqjuv,60,New Rule?,19,http://www.imgur.com/raFf8ya.png,1405400135,7,2014,2014_7,41,1874672,http://www.imgur.com/raFf8ya.png
i.imgur.com,funny,2epudj,2341,Science,1031,http://www.imgur.com/gUwUg3z.png,1409140448,8,2014,2014_8,42,1874672,http://www.imgur.com/gUwUg3z.png
i.imgur.com,funny,2danoo,3208,My favorite onscreen couple,342,http://www.imgur.com/WqIvCps.png,1407808650,8,2014,2014_8,42,1874672,http://www.imgur.com/WqIvCps.png
i.imgur.com,funny,3eamcz,1,MFW I notice it's my cake day,1,http://www.imgur.com/UwLIC.png,1437632912,7,2015,2015_7,43,1874672,http://www.imgur.com/UwLIC.png
i.imgur.com,funny,32bsak,3971,Woah,86,http://www.imgur.com/GcL9o0i.png,1428842034,4,2015,2015_4,44,1874672,http://www.imgur.com/GcL9o0i.png
i.imgur.com,funny,31yj7s,520,Julia Roberts is terrifying.,14,http://www.imgur.com/gPopy.png,1428551157,4,2015,2015_4,44,1874672,http://www.imgur.com/gPopy.png
i.imgur.com,funny,236gxz,1887,Male enhancement,153,http://www.imgur.com/tVkzO4J.png,1397655176,4,2014,2014_4,45,1874672,http://www.imgur.com/tVkzO4J.png
imgur.com,funny,24dmug,0,"Go ahead, take a closer look",0,http://www.imgur.com/lsVPmwE.png,1398875486,4,2014,2014_4,45,1874672,http://www.imgur.com/lsVPmwE.png
i.imgur.com,funny,2lwi11,3637,"Couldn't find my candle holder, as a musician I improvised the best I could.",307,http://www.imgur.com/JJbqtXU.png,1415657562,11,2014,2014_11,46,1874672,http://www.imgur.com/JJbqtXU.png
i.imgur.com,funny,2lcw3w,21,New Dad : Expectation v Reality,4,http://www.imgur.com/UldYFb0.png,1415186075,11,2014,2014_11,46,1874672,http://www.imgur.com/UldYFb0.png
i.imgur.com,funny,36wk9a,0,Coca-Cola unveils its new logo,1,http://www.imgur.com/6WHbsFa.png,1432323414,5,2015,2015_5,47,1874672,http://www.imgur.com/6WHbsFa.png
i.imgur.com,funny,23c0yj,0,Gravity set too high,2,http://www.imgur.com/Iuv6HKl.png,1397796814,4,2014,2014_4,48,1874672,http://www.imgur.com/Iuv6HKl.png
i.imgur.com,funny,23bo69,25,Walked into my little sister's room and saw this... she knows!,0,http://www.imgur.com/Uvc02gH.png,1397790821,4,2014,2014_4,48,1874672,http://www.imgur.com/Uvc02gH.png
i.imgur.com,funny,2c2h1c,3998,Everything is Awesome!,260,http://www.imgur.com/EmJMxUo.png,1406664210,7,2014,2014_7,49,1874672,http://www.imgur.com/EmJMxUo.png
i.imgur.com,funny,2c7cxw,0,"Kiss me once, kiss me twice ...",4,http://www.imgur.com/tEAaypJ.png,1406778183,7,2014,2014_7,49,1874672,http://www.imgur.com/tEAaypJ.png
